date,open,close,high,low,volume,money
2014-01-01,3.999981993027093,3.999564113129439,4.003142101210014,3.9706992861132986,330798561,1885600000
2014-01-02,3.984948557313216,4.000616400480119,4.029244448497302,3.927502811736115,327529683,1540300000
2014-01-03,3.9944327628076852,4.0005485068612945,4.020812498493406,3.989884213556229,107300909,1446200000
2014-01-04,4.014935904550188,3.999526137106284,4.014935904550188,3.9358443580449287,474133410,943500000
2014-01-05,4.004908771395817,4.001412857521957,4.063076440274419,3.9969916508868786,181225625,1156300000
2014-01-06,3.987628846163613,4.002158292717311,4.068200908419502,3.9850759239241844,230364522,1372000000
2014-01-07,4.0208600138308865,4.003138425703873,4.028328288122306,3.9381170781038923,376948952,784500000
2014-01-08,4.02810682624393,4.004703031302955,4.02810682624393,3.988365271075939,140554181,1127400000
2014-01-09,4.036589339660255,4.005475264020463,4.036589339660255,3.9908526523806085,437876239,1333000000
2014-01-10,4.038852651346129,4.005152081741327,4.038852651346129,3.9565797529800095,177798598,536300000
2014-01-11,4.036123266458941,4.007561537336443,4.036123266458941,3.9731138645850717,220439358,864200000
2014-01-12,3.990027502112716,4.007569523053182,4.047965574370606,3.9111230297670203,401820895,1336800000
2014-01-13,4.011789868285189,4.009811167505916,4.059939067926356,3.9639801566662323,251708867,1184900000
2014-01-14,3.994392864725389,4.008678292233608,4.0221014460045454,3.993100198591448,253824675,1911100000
2014-01-15,4.003380540073744,4.008054315341257,4.01196395349544,3.959351217160603,232429946,1652200000
2014-01-16,4.00299263711203,4.006769753023408,4.011836908781197,4.000848013085934,112141530,1289500000
2014-01-17,4.011370368470369,4.007067177189477,4.048729735393903,3.9862386123129703,443598191,1675800000
2014-01-18,4.013487068086016,4.005633574632254,4.025809606039227,3.978969944113286,117430370,838800000
2014-01-19,4.027641288670761,4.005549710888996,4.05588460694356,3.9782022269105104,307735209,1733900000
2014-01-20,3.9931266205124185,4.005540226421926,4.076018520975967,3.944102340938441,332242059,1415600000
2014-01-21,3.974865913668002,4.006970770519891,4.022337425128822,3.91858593426144,499572620,1653600000
2014-01-22,4.0360154082993,4.008429891447116,4.0360154082993,3.955257748167729,185543488,1699500000
2014-01-23,4.018425214015692,4.010118805011107,4.056241031888943,3.9836900189378253,441204495,1655100000
2014-01-24,4.039240346379113,4.012069242036678,4.062611115474962,3.9982155166811033,268260780,1913900000
2014-01-25,3.9858914579711717,4.013178110133231,4.025824503916811,3.9758030753389146,186577476,1724400000
2014-01-26,4.025940207935076,4.013576226247163,4.030323550362416,3.933911434773824,309282182,1173500000
2014-01-27,3.9746851656284035,4.01528768451787,4.070104164060518,3.9746851656284035,121616201,537600000
2014-01-28,4.005086359646945,4.01600458027752,4.024638797509514,3.9903627497604575,437534374,1425300000
2014-01-29,4.009717339253025,4.01595093107037,4.056524639619836,3.9833503577566587,462477254,1744100000
2014-01-30,4.001995784428979,4.0161188103734915,4.091343530026901,3.9903089671354475,489651783,1174000000
2014-01-31,4.011453767217544,4.01468700039602,4.0272826796588905,3.9204782283178257,336345995,1862500000
2014-02-01,4.0044165049580736,4.013674598502309,4.09448099013707,3.996042956433765,271804084,1957900000
2014-02-02,4.0091106346373975,4.013049260666694,4.049655610881694,3.9734628485968018,257380705,952600000
2014-02-03,4.041148069049373,4.013473856440194,4.042753038950787,3.961296302823546,130258002,1713500000
2014-02-04,4.036264932204493,4.01480552865953,4.041798642663444,4.004788972843818,453959154,1051800000
2014-02-05,4.010553097750672,4.0150626113350105,4.085271210515125,4.010553097750672,255931515,1093000000
2014-02-06,3.9956850518075595,4.014352194295643,4.043045675700644,3.9956850518075595,145201142,1176200000
2014-02-07,4.007127367073548,4.015469560922343,4.0518985830313,4.006067139208561,236287042,758700000
2014-02-08,3.996874703948835,4.017127403446941,4.057697942570521,3.996874703948835,239541927,854700000
2014-02-09,4.015674673120009,4.01871496386361,4.073343136767855,3.9929063804985176,211606218,1137000000
2014-02-10,4.0480888965857185,4.019482393467905,4.064921766342795,4.0150625714471975,345994410,643400000
2014-02-11,4.046573630019617,4.019419252454189,4.046573630019617,3.987376927570576,121701525,1561400000
2014-02-12,3.9968401269150133,4.019950391886119,4.037632989658012,3.974761599436191,112290346,1957500000
2014-02-13,4.004412911630411,4.020529316671865,4.09063196430872,3.9605058753640456,233374904,1697200000
2014-02-14,4.034490246073542,4.022202015647627,4.034490246073542,3.9346017368937063,122206389,1133900000
2014-02-15,4.014122406402461,4.023190464120731,4.078183119567881,3.9875613602103206,422291036,1168100000
2014-02-16,4.012148068574721,4.0244738383211915,4.0657671332570455,4.012148068574721,250416851,1251300000
2014-02-17,4.034984882778091,4.025937827208602,4.043874717443586,3.9884686233828655,433845948,1442000000
2014-02-18,4.028747600182169,4.028249105184118,4.061679536475141,3.984900510882799,183925141,1081000000
2014-02-19,4.0218269488151615,4.0282412132439624,4.033360411206349,3.9836597696131224,305014140,1290900000
2014-02-20,4.03090287828083,4.028474919568302,4.05974744662353,4.027651170295664,386293333,1401600000
2014-02-21,4.017739791295527,4.027182054400106,4.043705133412739,4.014350772918971,482700191,1673400000
2014-02-22,4.024729132659471,4.029354616070873,4.077666060893994,4.009633827429296,312059059,1291700000
2014-02-23,4.055165464216999,4.029573322244999,4.055165464216999,3.9763375674030583,143390044,549600000
2014-02-24,4.010000548540766,4.030654299517794,4.086205749910835,4.010000548540766,228475664,1867100000
2014-02-25,4.033232972293615,4.029485556666834,4.054204995175141,3.992531606404957,131133829,1954100000
2014-02-26,4.0349719732339375,4.029797952027506,4.048121411882671,3.977072573219343,431726225,885600000
2014-02-27,4.065359219685071,4.030828883074297,4.078095490288881,3.9504270810543622,130798585,1192100000
2014-02-28,4.011798893486665,4.032401730943385,4.1096380801499635,4.011798893486665,105083212,574500000
2014-03-01,4.027323403886994,4.032034304148736,4.060571987058283,3.9828875171191602,151542196,627100000
2014-03-02,4.032067962711625,4.034226368658089,4.05053938201703,3.99012172262,164003250,849900000
2014-03-03,4.026161475522383,4.033104699284562,4.088335925779795,4.010911000173309,352424821,729900000
2014-03-04,4.024670935133909,4.03460775762181,4.057634362052634,3.9472294169111555,215152357,670200000
2014-03-05,4.02729359946351,4.036120771967603,4.098265921015345,4.0268974293101385,218192722,555800000
2014-03-06,3.9979852203929163,4.038128731246915,4.108850975443443,3.9979852203929163,204463522,1884800000
2014-03-07,4.030299110153976,4.038330400530625,4.07394013796066,4.0126780335527625,477751069,619000000
2014-03-08,3.978677349336366,4.038129106608746,4.044619175339252,3.978677349336366,410906596,770500000
2014-03-09,3.9826720811956275,4.038223745182433,4.099854123188854,3.9826720811956275,276642223,1166100000
2014-03-10,4.073376297115499,4.037802160065384,4.073376297115499,4.0366571927741015,263612984,954200000
2014-03-11,4.034038743841466,4.040288320578343,4.12049136210872,4.018312388086016,363022000,1775800000
2014-03-12,4.081303366155291,4.040912537399194,4.091372883269807,3.9882273177427483,218923591,1919900000
2014-03-13,4.083327784606927,4.040764339715478,4.083327784606927,4.005872066854659,215524754,1725100000
2014-03-14,4.057075273421195,4.041445353693118,4.057075273421195,4.023878534809359,471611549,1333800000
2014-03-15,4.038579151015676,4.042491662118199,4.053999695306315,4.038579151015676,285179231,1529000000
2014-03-16,4.038056267924811,4.0414085468515495,4.124343974982384,4.035775997318572,496999998,824300000
2014-03-17,4.00842569191764,4.041711488457388,4.137037598266771,3.9936541952894826,347001305,1423700000
2014-03-18,4.031896795776078,4.043645384434323,4.045959366404634,4.031896795776078,137400216,1673200000
2014-03-19,4.021076377733072,4.044701751296684,4.108312842097146,4.021076377733072,121773970,682700000
2014-03-20,4.052248536391299,4.044330205797845,4.078331771876153,4.035742218171602,403879164,549300000
2014-03-21,3.996022650326347,4.043202858704588,4.0515282665799965,3.9921733686144685,239046098,798500000
2014-03-22,4.037613334472881,4.044190361117907,4.086271792015743,4.017608177486249,479329337,709400000
2014-03-23,4.047979255414532,4.044298908590604,4.135454948441598,3.9889884502886948,270436021,1869400000
2014-03-24,4.031197017077957,4.0445533517401895,4.050194331886438,3.9776368143920364,124476069,1098500000
2014-03-25,4.048266092248123,4.045443374111087,4.128261494785625,4.010751205264506,343817041,1537800000
2014-03-26,4.042931009958559,4.046916274225806,4.120223063381459,4.008845483007161,316054106,612900000
2014-03-27,4.031265818713213,4.048118436419092,4.068747261825303,4.010750256878417,410293464,1700200000
2014-03-28,4.054056232118221,4.048609918843991,4.083626571191475,3.997866131920784,115098189,1904600000
2014-03-29,4.020381703145714,4.048452673387516,4.049855538957062,4.020381703145714,111686839,963500000
2014-03-30,4.0314921633079415,4.049641668206449,4.066011569978167,4.03133364348625,322033486,1381500000
2014-03-31,4.017440277683803,4.050738558527992,4.086307862857014,4.017440277683803,158049914,1963800000
2014-04-01,4.013340014244784,4.0514892550181445,4.0770325440890085,3.9466187950145937,108941487,1113700000
2014-04-02,4.0467930173913045,4.050291613803658,4.075021882799466,4.00756119124091,154977679,1504500000
2014-04-03,4.049631567811917,4.050345385248768,4.100996449606899,4.030750162589987,398137635,1408100000
2014-04-04,4.037727552908953,4.050682866329557,4.170406629904121,4.033619378148679,292328540,1266200000
2014-04-05,4.037064886054647,4.050525627937705,4.055137316591827,4.025801607533934,148431701,1577000000
2014-04-06,4.070771879672852,4.0507050505565,4.095242036533094,4.0436331051193415,241560316,1788100000
2014-04-07,4.0539071976866765,4.052168383990246,4.152152217721902,4.0097049029060265,209416529,1471100000
2014-04-08,4.054452549421684,4.052905712650088,4.0953050155648345,4.001683316118099,294710307,1954100000
2014-04-09,4.054886937707957,4.053710925221277,4.070559655454597,3.9797701043232623,150758356,1702800000
2014-04-10,4.062514666604613,4.05497282591808,4.091913453728072,4.050969609038735,196586749,1209800000
2014-04-11,4.063160808092163,4.054664729729374,4.0809104007277295,3.993342935082228,435745932,770600000
2014-04-12,4.06406402704762,4.054960548938898,4.0903926682394145,4.043409125696148,450702929,1153300000
2014-04-13,4.05032737557234,4.056421584103011,4.106185158926284,4.025030579755738,398654396,1469600000
2014-04-14,4.049043498944695,4.0572270249215485,4.069759918198368,4.00622903458235,401703227,863000000
2014-04-15,4.117540041969242,4.058215894549854,4.117907851224524,4.01703966412186,131385303,1697100000
2014-04-16,4.057050817816211,4.058763705901471,4.063445839184843,4.01907089830124,415583577,1022500000
2014-04-17,4.082433303516618,4.060166432488175,4.101406289496179,4.010258642359886,262365764,1622100000
2014-04-18,4.085404037194155,4.059852373261323,4.085404037194155,4.051118139592509,156118987,1727400000
2014-04-19,4.074462994798844,4.0610878895720965,4.074462994798844,4.045895880887237,272008911,1937600000
2014-04-20,4.058905368936175,4.061030416496774,4.0799776083882655,4.025136691597588,384680748,1492300000
2014-04-21,4.056296180885356,4.0618697467956215,4.080076960422061,4.056296180885356,315739321,1094100000
2014-04-22,4.070553140108677,4.063521564525836,4.120557664392007,4.043246099466487,296053705,1393000000
2014-04-23,4.075875626260329,4.063644305757667,4.087031694464945,4.019783208692188,388350549,853200000
2014-04-24,4.027061154170626,4.063064475636999,4.080110257055575,4.027061154170626,413623248,1738700000
2014-04-25,4.074243963190239,4.063625079979979,4.074243963190239,4.04793358975629,467363630,1021600000
2014-04-26,4.024826435002353,4.0637213343006175,4.081483038366807,4.015542475554038,230985602,653600000
2014-04-27,4.064312505768071,4.064461541824506,4.146797236781345,4.0250686479902855,407350890,1925200000
2014-04-28,4.040274260074688,4.064341529183811,4.083918889022928,4.025508914061222,173751399,1523100000
2014-04-29,4.080151022391047,4.065631369984018,4.101577219274043,4.022053178667709,310138492,1980300000
2014-04-30,4.052510225158052,4.064277463291231,4.1218474807042815,4.052510225158052,159540602,865400000
2014-05-01,4.044357542366387,4.066149065463428,4.089520370901879,4.044357542366387,126324446,1966500000
2014-05-02,4.035351273345241,4.066447734234177,4.083398821335633,4.035351273345241,183361888,1963400000
2014-05-03,4.053627274308884,4.067588875022205,4.113402946532494,4.052156858100491,205931492,1508000000
2014-05-04,4.080654812932113,4.067240479885956,4.096230021998524,3.9643833131507993,467394398,1977500000
2014-05-05,4.080120910404273,4.06731021070293,4.080120910404273,4.036244466964466,401153614,812400000
2014-05-06,4.019644584013242,4.066466051345212,4.089847295899726,4.019644584013242,483679236,1169200000
2014-05-07,4.0815918610741155,4.067395064810728,4.105894142796257,4.037963811835018,184304197,615900000
2014-05-08,4.080143342399338,4.069403064258731,4.095036976051823,4.01746657077639,253325593,1355800000
2014-05-09,4.065740692003138,4.0708195389117074,4.101975848939555,4.045708622517371,415054136,550000000
2014-05-10,4.072618495981119,4.073094597455389,4.087102184086761,4.072040910868471,398505518,1890300000
2014-05-11,4.039625554764639,4.074211124172306,4.132599095764311,4.003905856177715,335756783,1952600000
2014-05-12,4.07597777306564,4.07525277484635,4.09594348144243,4.038753478112707,109289072,1505300000
2014-05-13,4.06299004173627,4.073893521758126,4.088804183829721,4.006847608081208,454764370,1384500000
2014-05-14,4.066868297148381,4.074325518913536,4.126137795077368,4.0354648000902325,280013223,633900000
2014-05-15,4.078355924025425,4.073882399575988,4.1123088625880175,4.042048137970686,137836497,894900000
2014-05-16,4.072586505727569,4.075329928253131,4.106544550536507,4.072586505727569,194215655,975000000
2014-05-17,4.08401110118508,4.076332953566952,4.089387760941456,4.019227804321929,357236610,1524000000
2014-05-18,4.100878522446336,4.07616485598075,4.110288931451633,4.0503439411631,245965044,758000000
2014-05-19,4.068766973610913,4.07653049720886,4.095298407002848,4.068766973610913,383798368,1930400000
2014-05-20,4.039440949957456,4.076993764985046,4.11692856967463,4.039440949957456,302911085,1901000000
2014-05-21,4.051986413472635,4.076203289425411,4.078768893892977,4.051986413472635,242781793,907000000
2014-05-22,4.054884279054893,4.077025168766357,4.084811432531786,4.054884279054893,360648355,834400000
2014-05-23,4.081431279333802,4.078472669182419,4.12145695194865,4.032483199124551,192443748,565400000
2014-05-24,4.116618454648802,4.077688868337645,4.116618454648802,3.9938410820066848,316751028,1800500000
2014-05-25,4.079721803214029,4.078350689501008,4.090427679695617,4.074258370996737,487010264,786700000
2014-05-26,4.111473095644839,4.080333065974376,4.111473095644839,4.031469532274316,395119993,1269400000
2014-05-27,4.074233522302808,4.08098588784392,4.099503045503046,4.0610412181326145,388256932,1020000000
2014-05-28,4.053107534465429,4.08102642415736,4.09334068639584,4.053107534465429,239307167,639500000
2014-05-29,4.086050879490568,4.0830820940798995,4.15642765375923,4.064717997650978,420947688,812700000
2014-05-30,4.077864831053317,4.085101165199649,4.110672224603128,4.077672486324926,128351598,1204900000
2014-05-31,4.120613996188798,4.084604644681611,4.170481503414734,4.01672724055536,426741381,1403600000
2014-06-01,4.071425285663319,4.086329759431808,4.102583320031021,4.060424296666383,212004931,1103900000
2014-06-02,4.100744786147932,4.088546258477479,4.158164609276135,4.05974836332988,358452565,1291200000
2014-06-03,4.104284924023176,4.091083432165251,4.126517025499789,4.0577566189785585,139431735,1440900000
2014-06-04,4.087350866681428,4.090674308646541,4.130599859809496,4.085803332037247,356812677,1766600000
2014-06-05,4.085043202216765,4.09185440011292,4.1650113948206196,4.085043202216765,262320712,1772200000
2014-06-06,4.1402015071218,4.093114102653811,4.1402015071218,3.9961482387500866,176313151,1421200000
2014-06-07,4.112625887280156,4.092683660586692,4.112625887280156,4.053762872597456,190219119,1326900000
2014-06-08,4.079403862650753,4.092391280372673,4.132957855783729,4.063818273715374,175077137,1082600000
2014-06-09,4.101811252774362,4.093035309664634,4.167548726627187,4.066590544654892,466271432,784500000
2014-06-10,4.137267210343212,4.092388089412124,4.137267210343212,4.051621781807903,163860431,748100000
2014-06-11,4.106872725444102,4.09421871727717,4.106872725444102,4.0935835784006604,431109893,583000000
2014-06-12,4.079951755538612,4.09424482751408,4.145598486615498,4.074993393657815,141981760,1125800000
2014-06-13,4.112567893953616,4.094176058639268,4.112567893953616,4.0825089131798755,291987279,1375700000
2014-06-14,4.087595761524712,4.094558415671256,4.152492175754016,4.06712620886846,460450096,1058700000
2014-06-15,4.112642626366359,4.093995375639331,4.166170997026837,4.051446245264235,487284462,1582700000
2014-06-16,4.112496500124887,4.094648700423655,4.162617987378125,4.078436881842091,383596539,1841600000
2014-06-17,4.0983275742695895,4.095005913758683,4.101237221029301,4.081185455507318,135807169,1963100000
2014-06-18,4.085573760058286,4.09675456788587,4.098128979912284,4.0722086837813265,101486499,1143200000
2014-06-19,4.1139489274765975,4.097104865936911,4.114331484576615,4.045612408844834,253504716,1057100000
2014-06-20,4.108037614322057,4.097077994178305,4.131398855782975,4.035523165169194,437798815,607200000
2014-06-21,4.096981004396098,4.096483937010212,4.20908227128757,4.073984884478088,457686166,1399100000
2014-06-22,4.1054691229033,4.096714409432811,4.129039439843424,4.080015880204464,165544884,1567000000
2014-06-23,4.124965554622214,4.097229813168212,4.143518437902716,4.0696133270124735,301904951,1564400000
2014-06-24,4.099083820274784,4.096515914699161,4.1952291790528635,4.078994672766885,405954247,1185200000
2014-06-25,4.075121779576429,4.0971404693954225,4.139452584825548,4.075121779576429,377117010,1328000000
2014-06-26,4.095338186275742,4.096929509515233,4.157762119768294,4.081537992355789,390126509,925100000
2014-06-27,4.0537413982871024,4.097370211945568,4.137806242244317,4.0537413982871024,412671772,549000000
2014-06-28,4.081662059742301,4.098218749693975,4.125671282309392,4.081662059742301,417420093,1718100000
2014-06-29,4.044836475246093,4.099220509282846,4.120442096404081,4.044836475246093,218417213,1164400000
2014-06-30,4.117190291376486,4.098973422514369,4.127736291400653,4.076021165239261,414939841,1687300000
2014-07-01,4.070984361382097,4.099583475377018,4.196008445106824,4.070984361382097,197041058,1558100000
2014-07-02,4.077468792667446,4.100189538237214,4.110763448984263,4.06256741398114,119803583,1647500000
2014-07-03,4.121943217326487,4.101115215140242,4.121943217326487,4.027134194329469,153369833,1207400000
2014-07-04,4.1054479445830205,4.101744332304757,4.128550267004946,4.0757715811227335,410420835,1583000000
2014-07-05,4.106879512022785,4.103352238893814,4.137624045142406,4.030586433033524,198488392,1158700000
2014-07-06,4.068012165099157,4.103051886990272,4.137682602118042,4.068012165099157,277616080,1310500000
2014-07-07,4.1315243495814435,4.104142477723896,4.134466093374379,4.088294360645303,355206185,1574400000
2014-07-08,4.119791809922712,4.104831369050822,4.119791809922712,4.099839477783376,496219154,1449800000
2014-07-09,4.109532194338917,4.105860183647852,4.110714332316327,4.065945885471828,214074231,605100000
2014-07-10,4.070526215493176,4.106051711440341,4.138968227558166,4.070526215493176,221031674,1363000000
2014-07-11,4.084439137710217,4.106906216600119,4.124231688834394,4.06736396025625,408386444,1872400000
2014-07-12,4.134334288090983,4.107559552835192,4.1637725930852945,4.08504910076888,112360835,1101500000
2014-07-13,4.107374299002198,4.108709713125316,4.124728495243123,4.084671442609189,141694773,1813300000
2014-07-14,4.1026842090001425,4.109392172884995,4.1514444016768035,4.072498416676892,210434515,1439800000
2014-07-15,4.143032958517289,4.109101723032688,4.157710562458603,4.095231005687837,325315011,1886900000
2014-07-16,4.1439415530737715,4.109730821237341,4.1439415530737715,4.046496078477112,155302353,907900000
2014-07-17,4.097730488170019,4.110528992408297,4.142840948995481,4.096216901622894,340875850,950900000
2014-07-18,4.1215222705946175,4.1107412495916655,4.1215222705946175,4.025796606723363,176991548,629800000
2014-07-19,4.100741536418084,4.11152664635213,4.149562099989945,4.072932963496895,106049471,1623700000
2014-07-20,4.079151965710989,4.111057548850274,4.162636278723592,4.079151965710989,325893832,1355200000
2014-07-21,4.147141427822904,4.112189088971743,4.147141427822904,4.097173034508873,293799143,561400000
2014-07-22,4.073838679511716,4.113046985416756,4.160694050592873,4.073838679511716,327740785,1278900000
2014-07-23,4.129970460138004,4.113472984885488,4.144793319296866,4.060939835202731,437385129,1760100000
2014-07-24,4.099339732404073,4.114742986801457,4.150000933819375,4.099339732404073,242767370,1080000000
2014-07-25,4.1168235313634085,4.114297734408495,4.12695448898374,4.080718530467218,370071818,1189800000
2014-07-26,4.121256965113413,4.1144266721769664,4.133824091373671,4.10233529197491,159955313,813600000
2014-07-27,4.1150949665044765,4.114229576759057,4.125731606785035,4.104060475281631,259716697,1927500000
2014-07-28,4.081555162391402,4.114219519962464,4.17699317694709,4.06702877125567,239805391,1211900000
2014-07-29,4.084995523750868,4.114387286699354,4.118276793618359,4.084995523750868,484220118,904400000
2014-07-30,4.149658239735997,4.11442525817096,4.149658239735997,4.0694776536816955,131609997,1573200000
2014-07-31,4.112367426868889,4.113026173047425,4.18052720157874,4.03917594885852,180048521,900000000
2014-08-01,4.12336225082104,4.1143935527436915,4.12336225082104,4.0621806108484,418528531,890500000
2014-08-02,4.098453551997348,4.116402932027139,4.155559687114508,4.050968577467547,316962015,1247700000
2014-08-03,4.126147634644511,4.114542665045357,4.18006067857135,4.067428810864495,173719207,1554400000
2014-08-04,4.153228818031493,4.116347531382418,4.153228818031493,4.110358806811719,230461992,1257500000
2014-08-05,4.134126893536872,4.118036375003499,4.19625845587684,4.114301227590967,378336908,699100000
2014-08-06,4.116733403770544,4.118150716613561,4.125481551596336,4.064026827148069,486896439,1929400000
2014-08-07,4.111370981181939,4.120250894928474,4.178865739153643,4.085567160874928,330327916,505900000
2014-08-08,4.1466736491848355,4.12097540385796,4.156772556031244,4.11924988154332,285216610,844000000
2014-08-09,4.125579936972721,4.1221294501316805,4.157323706670541,4.115128444934182,189194541,1801400000
2014-08-10,4.111908990933076,4.122619221802233,4.142637389596177,4.108430244717144,129127899,1132600000
2014-08-11,4.132011426199217,4.12307658609162,4.237945955900088,4.030167395990904,273155994,1660900000
2014-08-12,4.1400778018588404,4.124173149191065,4.1400778018588404,4.0937123752767555,467492132,560400000
2014-08-13,4.085919574948833,4.124372423281559,4.128464232898548,4.085919574948833,219162919,1303900000
2014-08-14,4.135001556963268,4.122578970862942,4.155276692534271,4.094610357488752,225144941,1234600000
2014-08-15,4.123976906478035,4.123589408929983,4.159678340609026,4.102732253291652,441787374,972000000
2014-08-16,4.1419795891308615,4.123726855642165,4.1710809773498285,4.120865805733205,173346230,642600000
2014-08-17,4.119240318707985,4.124539043258236,4.148780087434696,4.0821966333197715,206998325,1888200000
2014-08-18,4.099202615355108,4.123762248483531,4.1318611525101305,4.04233652790657,449552452,1207500000
2014-08-19,4.115678064344087,4.124158573252889,4.12580139263784,4.110340987289149,237174751,1336000000
2014-08-20,4.114869365084175,4.1229710911156605,4.140681537691757,4.105555018595869,116186501,1893000000
2014-08-21,4.099022743675783,4.122146340297745,4.163335953255451,4.099022743675783,271544667,843000000
2014-08-22,4.121402020769468,4.123515450041476,4.199885789032272,4.078918348528417,460004986,1542700000
2014-08-23,4.121706226131577,4.1247490033113445,4.12984732396129,4.113995932074198,495173076,742600000
2014-08-24,4.095915967720397,4.125466898593288,4.13792157506357,4.095915967720397,442703642,1726700000
2014-08-25,4.097939818289657,4.125189558708685,4.155209790465503,4.097939818289657,433462969,1560900000
2014-08-26,4.134827883925562,4.1265203448360825,4.134827883925562,4.116008004244433,106762625,1169600000
2014-08-27,4.104969323618837,4.129308049759358,4.1637347896235255,4.08522957402491,257791384,1198400000
2014-08-28,4.121591676861036,4.129605302220106,4.130314436089531,4.088568780197917,199105200,561300000
2014-08-29,4.111845331938114,4.131359000314149,4.22308355944157,4.1016885509164185,206082729,1030100000
2014-08-30,4.09700544936724,4.130023327535938,4.1620000992686625,4.09700544936724,355426374,1724600000
2014-08-31,4.1277469579129304,4.131002655548483,4.172874263246634,4.126423836531689,286547919,1212800000
2014-09-01,4.125225573938555,4.132307551538598,4.168957496721942,4.125225573938555,397078639,1711600000
2014-09-02,4.093204217104076,4.133710966541713,4.163688884851574,4.093204217104076,200534059,1091200000
2014-09-03,4.141900411453099,4.133729577303995,4.209029629660293,4.076625070397436,450415378,1818000000
2014-09-04,4.137205564956747,4.134033846003082,4.161465436257902,4.097370015747791,435903591,1571300000
2014-09-05,4.122375505281007,4.135419586127324,4.204277384346129,4.06725721557075,299910538,1179800000
2014-09-06,4.201275940457388,4.136330403380163,4.201275940457388,4.126055022221535,462160255,1463900000
2014-09-07,4.135976619480888,4.136790716987352,4.200669023462701,4.111245075284016,423735347,1224600000
2014-09-08,4.182427621341469,4.138550191464147,4.20108400937399,4.1307387513702585,246258213,1039200000
2014-09-09,4.1592991253337654,4.137420477283079,4.166452687033434,4.136522968923017,164850415,921900000
2014-09-10,4.150538048320559,4.136222356552405,4.150538048320559,4.077859114813867,337291058,1730600000
2014-09-11,4.123970771633895,4.134991231603793,4.185241749062409,4.103038706771235,413402160,591100000
2014-09-12,4.12910581301879,4.135611336153769,4.150810330065501,4.11879822443355,365661443,1980100000
2014-09-13,4.144484214591681,4.13598123570457,4.191975842181037,4.124681038979181,469579515,910100000
2014-09-14,4.131695152930411,4.13733902581765,4.1537822658472106,4.11718288075481,497975283,1023800000
2014-09-15,4.116726441855439,4.1374061143835705,4.15612854215157,4.072035467794893,173509674,740600000
2014-09-16,4.149010229321077,4.137142504296088,4.162097099037692,4.131462775893231,482799659,1132300000
2014-09-17,4.1052971595804,4.137858328142762,4.199011895091848,4.1052971595804,287534002,925500000
2014-09-18,4.111791170756517,4.139031794002274,4.20285992703741,4.097959884338127,118061893,1055400000
2014-09-19,4.1461095679413225,4.138390804604384,4.209520226516481,4.074244330045353,458724173,1958500000
2014-09-20,4.155649112809832,4.137901221143455,4.155649112809832,4.084778565137082,479932528,1487700000
2014-09-21,4.143516051672313,4.138237676302908,4.14570721674164,4.137227098279345,303820344,597900000
2014-09-22,4.127287263470783,4.138096710717897,4.172625916966175,4.0719412552137575,121370857,974600000
2014-09-23,4.17055101848812,4.139550186181914,4.208131580529867,4.1225695596590635,412821022,1749700000
2014-09-24,4.129192992934814,4.140005167233489,4.21104399632298,4.129192992934814,266086705,1437400000
2014-09-25,4.106991432889216,4.1401938118148935,4.143885866616023,4.092813057498506,188951248,1938800000
2014-09-26,4.123683300132281,4.140184548646645,4.167287028611579,4.079074581159485,316934159,1035500000
2014-09-27,4.118517053548788,4.141098061250253,4.170413327151816,4.118517053548788,303160558,1184000000
2014-09-28,4.108933225139335,4.1426074883161546,4.1572815616633,4.108933225139335,171635250,1342700000
2014-09-29,4.129024642784479,4.143246383820318,4.196355789870381,4.128559168482676,224689573,1948700000
2014-09-30,4.14229308346156,4.14401887800752,4.158781316438613,4.0958703580957625,217761382,1006200000
2014-10-01,4.142688220987992,4.14510918817531,4.170910426187947,4.125121715954511,131353046,1375100000
2014-10-02,4.139009068861224,4.14497440278025,4.168041633844963,4.116323536274363,237350878,1388100000
2014-10-03,4.134140331166293,4.145382292491872,4.159456294126313,4.05975096261227,431971001,669700000
2014-10-04,4.123764033143165,4.143402279861261,4.1437984746052585,4.080332303072402,329215690,1252000000
2014-10-05,4.148051525173187,4.145797160236992,4.179015463916955,4.114659976314591,303543236,699100000
2014-10-06,4.11882654975696,4.146831217638452,4.187504089421191,4.092741870308374,194415074,1677700000
2014-10-07,4.161048414463636,4.147532098379249,4.1733035852370195,4.108175023519082,321349961,740100000
2014-10-08,4.144311877434434,4.149748836513969,4.166340386316512,4.1057132501961116,314236199,660100000
2014-10-09,4.137201540951534,4.149351670964983,4.176708509235335,4.110088789208412,102431654,1377600000
2014-10-10,4.176014338476894,4.148682278527239,4.236430418653837,4.1427677500433955,272395155,1993100000
2014-10-11,4.159618400476032,4.149020391329874,4.204860984242837,4.071451808842649,457491394,1749400000
2014-10-12,4.18245941252449,4.149502871983284,4.18245941252449,4.084242690767521,306743101,982100000
2014-10-13,4.159728911882007,4.149429822419583,4.1761494076125265,4.136833892270882,444136685,1697900000
2014-10-14,4.166099379097877,4.149994159083246,4.166099379097877,4.107609066919322,347111043,913000000
2014-10-15,4.1639852347035635,4.150975150322753,4.1639852347035635,4.137137309597921,263692246,897200000
2014-10-16,4.161606134094138,4.150281222615458,4.174743078158599,4.071236672927982,352190956,861200000
2014-10-17,4.146353251475393,4.149687918336918,4.186746238820045,4.142782275298016,206848923,1761800000
2014-10-18,4.16421942565523,4.151605399253516,4.17291458352439,4.117858809856592,332927869,810200000
2014-10-19,4.21149839283755,4.153301003225564,4.225402395572903,4.106244697706908,137266428,1680600000
2014-10-20,4.0983586741132445,4.15401421596387,4.195527759422707,4.0983586741132445,187906263,1966200000
2014-10-21,4.180450614682017,4.153563384475606,4.262372820770926,4.152199562868376,333757905,790500000
2014-10-22,4.144670254245186,4.154732568473833,4.212874128006103,4.089622205279196,127535291,1864500000
2014-10-23,4.16252228931827,4.154925915284251,4.1739023666602195,4.138945323834732,222270527,1276600000
2014-10-24,4.122993470978475,4.1553315658487815,4.176030688492276,4.122993470978475,161968886,1712300000
2014-10-25,4.184306465821734,4.158453334089321,4.187958723426562,4.142538897054305,434622422,934500000
2014-10-26,4.144113373375388,4.15979551164381,4.1655096527439115,4.138977366850464,315735271,1337800000
2014-10-27,4.160879048903557,4.161167605681418,4.210620183084057,4.141033158755038,282691069,1404300000
2014-10-28,4.166572476007227,4.1629314303744644,4.170834858094907,4.124147902153427,345029474,705700000
2014-10-29,4.130711390072911,4.163500359970897,4.211660936549331,4.085215964881104,309821732,1683900000
2014-10-30,4.197758943985704,4.163651513846619,4.22714835277225,4.138531218399966,311536919,1117100000
2014-10-31,4.164479885540374,4.163845879707032,4.1655240475810364,4.12436434406532,460679378,1308900000
2014-11-01,4.1661297068204055,4.164735817989921,4.172847479340661,4.143489988469073,217920361,1292300000
2014-11-02,4.16961005084283,4.165972324767502,4.237237302134142,4.140409555728543,281989537,1042800000
2014-11-03,4.156083178813764,4.166399700442371,4.176327042310515,4.153741764032471,290315225,1777000000
2014-11-04,4.17219421333983,4.167228671633084,4.1967862434577015,4.150771802760912,221035583,1408100000
2014-11-05,4.159263700453114,4.170757173514158,4.175643858903271,4.154741003529577,308026191,1533400000
2014-11-06,4.179898576536895,4.171690617112751,4.188051994463846,4.14008565338454,485500436,1446800000
2014-11-07,4.15938759777202,4.1720010757696,4.177391361874256,4.119366216332039,135271630,1266000000
2014-11-08,4.168801061661854,4.171847274407925,4.178933775225381,4.159131584259282,228181707,1430500000
2014-11-09,4.171002405988863,4.171677013153694,4.173625133218587,4.105393549297699,247666121,820800000
2014-11-10,4.177170959036191,4.173523044784533,4.209446169860514,4.168803949114124,442275451,823800000
2014-11-11,4.196382308537785,4.173643566003621,4.203544437944857,4.152368275393757,204976656,730600000
2014-11-12,4.166395825835512,4.17505121693579,4.240895069332905,4.0755823965067925,205357887,663600000
2014-11-13,4.163416331143047,4.173457150917631,4.2490725694342135,4.162588253454905,128541849,1039400000
2014-11-14,4.178235580191273,4.176523323529243,4.190695490242389,4.10220990967362,299221299,643200000
2014-11-15,4.195637549376502,4.175123726665824,4.197949553515828,4.17474860040211,220886040,1276000000
2014-11-16,4.193747112629581,4.176171406106236,4.230709130508487,4.135845458072426,440393684,1892200000
2014-11-17,4.185773903788958,4.177249619875754,4.212693270629515,4.144099260753796,317121266,513600000
2014-11-18,4.166497945392202,4.176847033573124,4.186219241236682,4.150513045891649,245802955,1615400000
2014-11-19,4.167862355103838,4.177626278091319,4.209444054906317,4.136721641766228,495197118,1704600000
2014-11-20,4.210296991258583,4.178564405327947,4.210296991258583,4.154802632128036,366878882,1194600000
2014-11-21,4.212587135876997,4.1797542990577545,4.212587135876997,4.153715572443001,247705868,662700000
2014-11-22,4.1731373733427395,4.180101100777472,4.184327255586925,4.146242342207652,234940250,839300000
2014-11-23,4.152063814757055,4.181137566793413,4.220223878538554,4.107653697800526,377564664,718900000
2014-11-24,4.201228408091524,4.183463050111928,4.21171680121006,4.1423629680822,461104547,756900000
2014-11-25,4.176082030291097,4.184584891581301,4.2541736294866626,4.164886632429756,397795388,1740600000
2014-11-26,4.180179280981986,4.185934951915702,4.284997999276474,4.167052628965529,300613865,1776500000
2014-11-27,4.205330322822568,4.18651720372071,4.205330322822568,4.1369257611103745,317637650,1286800000
2014-11-28,4.175504298735229,4.186527075164687,4.232213360397696,4.143337580774479,256745800,760000000
2014-11-29,4.185524415489025,4.18638482878912,4.200557070376683,4.1777913934779995,454811792,934600000
2014-11-30,4.177689278064408,4.185317235357393,4.2192881056159495,4.100851092247041,398771215,1684100000
2014-12-01,4.232068949852957,4.185106201709885,4.232068949852957,4.153181963838222,483385773,626000000
2014-12-02,4.1864162721518134,4.185813027797135,4.1864162721518134,4.144221042493303,194498832,840300000
2014-12-03,4.215501236814527,4.187379173191143,4.215501236814527,4.126150309833626,250968059,777100000
2014-12-04,4.169684587087994,4.188688340893124,4.204113899362937,4.151851138828343,444672339,1958600000
2014-12-05,4.211049846276678,4.190175835965291,4.224400448686541,4.146495145763782,272998120,1963900000
2014-12-06,4.1979455893957285,4.190792230494575,4.220430225759031,4.167237497380829,152052824,1613700000
2014-12-07,4.217249742956818,4.191358396309595,4.23651448807554,4.184639856233006,459279544,1312900000
2014-12-08,4.187389414381188,4.19204229695742,4.217811656751358,4.140029347601513,402405682,842600000
2014-12-09,4.234134903936221,4.191625077776087,4.234134903936221,4.1289049912721065,288148535,1408300000
2014-12-10,4.182740206248077,4.19143003983909,4.1966890234086325,4.1507922845524945,181680486,623100000
2014-12-11,4.196848899360306,4.190963061243665,4.196848899360306,4.169220508475697,137792626,557100000
2014-12-12,4.1537361801148425,4.192519028411816,4.195073928613338,4.1537361801148425,124842620,675600000
2014-12-13,4.141781326474731,4.1951118288667155,4.217492881651855,4.141781326474731,461620510,949500000
2014-12-14,4.193922349086364,4.194614291075449,4.200760978014673,4.134173376613472,132186610,1601100000
2014-12-15,4.174862269154719,4.196839876276123,4.201159312016515,4.167020714260474,475249297,970500000
2014-12-16,4.191859496189522,4.197257496809325,4.213388812197585,4.153144697287413,487347280,553800000
2014-12-17,4.202047289539575,4.1976920838906056,4.22025838506563,4.155027801950797,150422305,1592900000
2014-12-18,4.1968715915393435,4.199467066216741,4.235690700734013,4.129404936275636,350249021,1025100000
2014-12-19,4.164813657102163,4.200800834731905,4.209810160231004,4.164813657102163,230928867,1820300000
2014-12-20,4.2114324655029645,4.199655295526112,4.228114698371704,4.185100956719124,133910310,669200000
2014-12-21,4.198393984005862,4.199702856814856,4.268271413225438,4.143900526005383,275725725,1617900000
2014-12-22,4.206752724423914,4.201016455074844,4.277287316164818,4.182519747900035,468088009,1119500000
2014-12-23,4.220273664078863,4.202946088382331,4.269152441486019,4.167918023604967,422402119,965200000
2014-12-24,4.2459006320128,4.204606092108653,4.2459006320128,4.149921244870463,104905026,1685100000
2014-12-25,4.19835462122053,4.20448227501013,4.231479482081245,4.196869996905006,285672933,1051300000
2014-12-26,4.17372133618198,4.203994274270196,4.2140494003744084,4.130482480742754,363213139,588100000
2014-12-27,4.188991507097759,4.204309044302132,4.256942596090269,4.188991507097759,103220075,1705000000
2014-12-28,4.18341714673485,4.2032967484647035,4.27098462497762,4.145060151601689,194839747,1994600000
2014-12-29,4.172894757010207,4.205524159060658,4.268986319767705,4.172894757010207,244027026,1896800000
2014-12-30,4.232926531288675,4.206607303196539,4.232926531288675,4.182800066564505,486312554,1507900000
2014-12-31,4.246287468326555,4.206714684563963,4.2807035516286165,4.133356940997751,453480859,765500000
2015-01-01,4.210773083834878,4.205433850845963,4.246902707146989,4.160970857048752,238427338,837300000
2015-01-02,4.213521669363484,4.206554859098703,4.2214100192104365,4.179381910951568,116512715,1682400000
2015-01-03,4.208093068160443,4.208322012576532,4.2473404013031875,4.185501397196002,106499976,962200000
2015-01-04,4.154988590186146,4.208612406539011,4.227888657955354,4.154732393021848,129307882,725100000
2015-01-05,4.202709944176092,4.210978995358021,4.238916579137256,4.19493653631632,118651644,637000000
2015-01-06,4.184902932098578,4.211355702293408,4.299431464946418,4.136699810394283,459498841,1284500000
2015-01-07,4.2338002786074025,4.212502966817612,4.2338002786074025,4.206632663531686,326252403,917300000
2015-01-08,4.180010329908919,4.212700382036695,4.256140239871357,4.180010329908919,198070841,978000000
2015-01-09,4.203065534072308,4.212314131518205,4.2781824514015625,4.188244915882115,338727729,1476700000
2015-01-10,4.183269107617344,4.213813541538578,4.281893140379124,4.172714473172049,207227961,775200000
2015-01-11,4.195452848210188,4.213747726684446,4.252222690986845,4.195452848210188,310943490,1359300000
2015-01-12,4.2321131876876965,4.214047429798815,4.2321131876876965,4.13003512776622,469724040,1812100000
2015-01-13,4.208620028934224,4.213215909582327,4.28248293440409,4.113198285340932,176255281,1525600000
2015-01-14,4.223003612292598,4.2142505357783975,4.251422156778231,4.209102233844248,450028107,1073900000
2015-01-15,4.185279409977842,4.2158751218817105,4.226856009052132,4.185279409977842,273722658,1444700000
2015-01-16,4.258276866710822,4.216334042393499,4.258276866710822,4.131604639269122,190064982,1697500000
2015-01-17,4.165240845580563,4.215201713282979,4.245943977103335,4.148143144852804,449302166,1107400000
2015-01-18,4.18207975598009,4.215287703200917,4.252839640800325,4.18207975598009,143870633,1912300000
2015-01-19,4.223965432319804,4.215696934871232,4.233338614241063,4.21531541079049,342746385,1299300000
2015-01-20,4.234776606161564,4.217109625827404,4.267226085655892,4.209051218352823,164324937,944300000
2015-01-21,4.240045516378747,4.215940521506468,4.291179331427151,4.152287957347039,119375500,1294700000
2015-01-22,4.228353340262411,4.216357143799662,4.258335012826265,4.150739728082043,228545790,1113900000
2015-01-23,4.240870231707409,4.216815846443021,4.30840081125486,4.206508299316924,176446056,1887000000
2015-01-24,4.215686238833509,4.216369981915822,4.2487677057922895,4.213218319441774,428965975,1200300000
2015-01-25,4.230955320342793,4.218294385362586,4.259632307280519,4.206743433882378,171734642,1412300000
2015-01-26,4.244326259552003,4.218629160022242,4.244326259552003,4.206016437802761,406323637,1407400000
2015-01-27,4.250328336507561,4.218430636797206,4.250328336507561,4.19724350207751,487518678,1827500000
2015-01-28,4.203939243089685,4.218598793670628,4.235517743890067,4.172276199516151,391129218,1495200000
2015-01-29,4.22519328120912,4.219219219647286,4.241968310817887,4.214657400011322,419190596,718100000
2015-01-30,4.216631047281549,4.221085144064948,4.264868608644267,4.17527022567522,121655636,1134000000
2015-01-31,4.222024207021802,4.221430673116093,4.247288907058307,4.175358079319927,164169773,1738500000
2015-02-01,4.204951051326797,4.220045532234152,4.236113306426343,4.195378694114691,444698103,680200000
2015-02-02,4.222768851814577,4.221053057164617,4.231355926349992,4.21677333366462,110263281,773900000
2015-02-03,4.236092658377358,4.222059233303628,4.242737165659193,4.194479564944186,381318451,923000000
2015-02-04,4.2018206950644155,4.222801442622388,4.232748208682674,4.169415088914027,105369206,961600000
2015-02-05,4.201947139152043,4.221031373984719,4.2489611774206795,4.183773150007083,132360525,1673400000
2015-02-06,4.215182368247284,4.221883103499682,4.303001412559433,4.2005923471064675,431684642,841700000
2015-02-07,4.2172188077798785,4.22377899598615,4.269149151344895,4.182069070690159,195733793,605300000
2015-02-08,4.2261552399908195,4.223056449358728,4.231485593110808,4.171628444420949,388106718,1872500000
2015-02-09,4.238877978009388,4.22371639178951,4.238877978009388,4.186073919242358,100271638,1311100000
2015-02-10,4.24636878568826,4.226056146757259,4.286711515299254,4.206026852871161,369618624,1487300000
2015-02-11,4.239978643012454,4.227795330596971,4.241284385099259,4.212811251464479,451325633,1724000000
2015-02-12,4.239387626911926,4.2281458431143815,4.245654927632292,4.141715055759263,408183564,1410300000
2015-02-13,4.215960471761081,4.226638228617748,4.236026501435482,4.14778771174365,386845568,742900000
2015-02-14,4.247050591131545,4.226687993410763,4.247050591131545,4.215000796803524,226455381,1341400000
2015-02-15,4.197168840831478,4.2261269189955275,4.228033684961262,4.197168840831478,424734776,833700000
2015-02-16,4.212834380005637,4.228028246899337,4.247137997778392,4.212834380005637,411016340,747200000
2015-02-17,4.251697371620767,4.227199124588945,4.251697371620767,4.211004193164329,469233944,1682700000
2015-02-18,4.225568657858282,4.227342872931287,4.229903750558246,4.1776153365688735,496167090,755000000
2015-02-19,4.230000927814575,4.226061458229021,4.280263498621112,4.180249143341269,449614508,1690000000
2015-02-20,4.226287048943485,4.224976338997914,4.288090638786369,4.1372900682591665,340857623,1075000000
2015-02-21,4.213060153458292,4.227547620199325,4.270016933823638,4.198308364894397,394385453,648600000
2015-02-22,4.228106313957206,4.2280655244800505,4.260215331780482,4.214346595037956,489445663,968100000
2015-02-23,4.237286817647057,4.230025668038018,4.243377200178739,4.181113335426629,392659938,1918600000
2015-02-24,4.242169115212146,4.230269455584862,4.242169115212146,4.188950228010053,437824670,1054100000
2015-02-25,4.274899862574682,4.229238357884317,4.274899862574682,4.218008424108695,100942091,1520900000
2015-02-26,4.2401618616787555,4.2293235417805946,4.300877906895313,4.196630708578678,169755582,1023300000
2015-02-27,4.252561698505935,4.228988169049257,4.252561698505935,4.218334529269201,458565049,818700000
2015-02-28,4.236747948071004,4.230764693429321,4.236747948071004,4.203834928258925,388524658,1047300000
2015-03-01,4.199420072270967,4.229920707425853,4.273010744834998,4.199420072270967,196192934,1743100000
2015-03-02,4.210729716718872,4.230070716069117,4.2712020400526285,4.210729716718872,413586156,876800000
2015-03-03,4.220916356986915,4.231842182670792,4.294029030637608,4.213298776320321,469289484,859700000
2015-03-04,4.2526866926296325,4.2323975536234055,4.275903229680903,4.211633634104702,183822106,1536000000
2015-03-05,4.264859689934342,4.234404270689544,4.264859689934342,4.223581623339438,407590680,1935100000
2015-03-06,4.217344145487362,4.233554086562659,4.255052747597671,4.217344145487362,105786631,920100000
2015-03-07,4.211991983252685,4.233379277849921,4.2579750395908675,4.196436272619522,165693861,1558200000
2015-03-08,4.259075770306239,4.233307011525373,4.259075770306239,4.207010030811014,298242810,1887200000
2015-03-09,4.203663646093599,4.231906291446172,4.253201212511626,4.125279521097138,112646103,1699300000
2015-03-10,4.248816773333134,4.233006950947349,4.286554600360279,4.213314756033117,254428229,1543500000
2015-03-11,4.288330863771213,4.235653894603947,4.288330863771213,4.223813591948887,287145106,1659000000
2015-03-12,4.2142336111272325,4.234607492760765,4.239222391188748,4.1531957652639875,425953455,501000000
2015-03-13,4.2582094843945635,4.2347369672745625,4.2582094843945635,4.230706784615534,299444904,835100000
2015-03-14,4.268929092254381,4.237267656874997,4.268929092254381,4.231982156108666,190444469,529300000
2015-03-15,4.224043344566103,4.238258792280308,4.244549071114776,4.215728974325133,348258831,1943100000
2015-03-16,4.206920881679562,4.238782162867896,4.321261050125646,4.200902041158617,491003242,1546400000
2015-03-17,4.245400277601148,4.240105546821985,4.254836035009098,4.230164121480164,319746444,1729200000
2015-03-18,4.2525457944898175,4.2390205006856165,4.2525457944898175,4.145271897265468,457297393,952800000
2015-03-19,4.263183238404082,4.2394615665541275,4.263183238404082,4.229455320173071,310863024,745700000
2015-03-20,4.266931344917484,4.240814488726279,4.266931344917484,4.215066299127671,121001174,766400000
2015-03-21,4.237416596503241,4.241449123769872,4.271731893976098,4.237416596503241,235293352,746400000
2015-03-22,4.201959733845872,4.241968174311869,4.264310687296989,4.201959733845872,316511035,1311100000
2015-03-23,4.246180848667705,4.241873586361742,4.289694147609622,4.1720161622344,422447144,1629700000
2015-03-24,4.223275074350031,4.24178174241287,4.289724767715816,4.159728349777658,242257366,1388200000
2015-03-25,4.26017404960631,4.241769720852208,4.328575118747683,4.211982087839289,116574460,1326500000
2015-03-26,4.243943489046844,4.242738244159396,4.348424714978809,4.233975181734875,496406456,1442700000
2015-03-27,4.270429268443292,4.242545557843218,4.270429268443292,4.222723184359898,114989697,1475300000
2015-03-28,4.226209961939666,4.242374992455937,4.268848722985225,4.226209961939666,408690618,1070900000
2015-03-29,4.237832531524802,4.242723531467565,4.260133384291159,4.237832531524802,479582952,1983400000
2015-03-30,4.208964514182929,4.242471515234904,4.2639424537765285,4.183335193771092,175367703,1767100000
2015-03-31,4.289925716312145,4.243944070629223,4.289925716312145,4.1803184419393125,297412289,1918100000
2015-04-01,4.2304061595547235,4.243445333438524,4.25791757982884,4.203311871945572,370074957,606500000
2015-04-02,4.229458329250138,4.244679314945163,4.255667854688151,4.208046603368521,285901649,514400000
2015-04-03,4.246867688680734,4.244374491116942,4.280697809701132,4.236701955589696,319080278,842900000
2015-04-04,4.279098223126632,4.243320322150788,4.279098223126632,4.182879916067533,367906618,1914300000
2015-04-05,4.254955752043402,4.243782813365232,4.271640608481363,4.235107635167641,207457870,877500000
2015-04-06,4.238018812686673,4.2440227327036695,4.246682797257121,4.238018812686673,129508662,946100000
2015-04-07,4.245694689346502,4.243297519933879,4.264068202642855,4.194698245530429,278083355,1631100000
2015-04-08,4.233874081047651,4.242811522792578,4.348602585651155,4.214181931776585,229389891,1184700000
2015-04-09,4.243200937146643,4.24338153519461,4.256143496217383,4.207899260555603,130738202,1587100000
2015-04-10,4.205975059618607,4.244220342043841,4.262380033608273,4.150081094533854,264353760,513200000
2015-04-11,4.2818630790274215,4.245167439555792,4.2818630790274215,4.210842238349616,372891299,664100000
2015-04-12,4.238563692235874,4.247023120308612,4.252216251272908,4.238563692235874,484387635,980900000
2015-04-13,4.2376563616460485,4.247312490701407,4.306517333169889,4.2376563616460485,228858593,1884000000
2015-04-14,4.215317448660825,4.245712982087538,4.255548471210312,4.17768899988969,342012952,1195800000
2015-04-15,4.234248036674755,4.244995116078341,4.247719090100003,4.2252216833184795,270037271,1464000000
2015-04-16,4.242892790618171,4.247068616180721,4.26564117588616,4.218808960921445,128939234,1084400000
2015-04-17,4.204082028236187,4.247195083869608,4.253921671594201,4.204082028236187,274038718,546500000
2015-04-18,4.252985347599262,4.24792582783327,4.302010518296669,4.232495402218207,379238770,1939200000
2015-04-19,4.204201268319058,4.247901611549605,4.281884027014613,4.204201268319058,401116942,874000000
2015-04-20,4.241211370573545,4.2481746081468446,4.288661653575582,4.238837826984773,268428860,1928000000
2015-04-21,4.277998844717053,4.248723726829483,4.277998844717053,4.213010490747634,214873374,653500000
2015-04-22,4.255041912361125,4.251123667431859,4.255041912361125,4.228326141239646,485289593,1054000000
2015-04-23,4.277354899898894,4.251637628468111,4.277354899898894,4.224234644109893,329079612,1466000000
2015-04-24,4.234368526137517,4.251905391835432,4.264248797448184,4.1943269609939025,228096353,803900000
2015-04-25,4.22791598669675,4.251744706324116,4.305673103638316,4.219778276572457,408465422,665100000
2015-04-26,4.218510855215262,4.251566269542524,4.304549596131147,4.218510855215262,329637473,1832500000
2015-04-27,4.255560510786378,4.252006026730425,4.298517489414877,4.218404134630241,209509176,576500000
2015-04-28,4.2530428472630355,4.253451018915405,4.257601292774549,4.249867458153865,373750239,1288700000
2015-04-29,4.205030119578691,4.254357455341111,4.312560552228764,4.205030119578691,450043184,1362200000
2015-04-30,4.289017244700084,4.254646764369375,4.289017244700084,4.2219226440745645,290406346,1102900000
2015-05-01,4.273953138319715,4.255584058227245,4.296235486367011,4.203459095576684,130157447,742900000
2015-05-02,4.217841780162114,4.2546034875702645,4.275100543505217,4.217841780162114,349808593,1604400000
2015-05-03,4.239172644234487,4.25551017314523,4.2918394536347195,4.216599990092835,153507899,1906200000
2015-05-04,4.252602079844885,4.256097188754017,4.298190608777064,4.243869978270311,454800400,1662700000
2015-05-05,4.299355589871958,4.258825567555461,4.299355589871958,4.24483478618726,389320794,1625000000
2015-05-06,4.298685880218225,4.26002569056938,4.300232914965943,4.202567897125892,342450340,1613400000
2015-05-07,4.276381046483569,4.259873713518538,4.316297724822577,4.200204771613979,271598460,886600000
2015-05-08,4.2564762825055125,4.26010012095267,4.299210020855227,4.23440341187093,478247015,898700000
2015-05-09,4.261454459799929,4.259202643244993,4.313406985686541,4.239181562726145,284997079,1505400000
2015-05-10,4.2782726066390575,4.260152306331877,4.2782726066390575,4.243371173876146,200139773,1724800000
2015-05-11,4.273889468466942,4.257461552451485,4.291156860758048,4.183588039617784,403723635,1681200000
2015-05-12,4.242660307526546,4.2593930616967315,4.35883369475007,4.217320782758059,415650830,1102400000
2015-05-13,4.224414025124927,4.260858349486216,4.287655858550435,4.224414025124927,297214909,1845100000
2015-05-14,4.283788769306236,4.262882190719697,4.283788769306236,4.250479587078807,280064830,529300000
2015-05-15,4.269494990165599,4.263413704688801,4.310331107494648,4.227567168345398,281600280,948400000
2015-05-16,4.233289478866814,4.264275679741785,4.29172743566108,4.220413286753835,220520007,818700000
2015-05-17,4.230275624494074,4.265285230829534,4.301548124185048,4.230275624494074,481566431,1737400000
2015-05-18,4.294070068635302,4.2656019783588235,4.294070068635302,4.169462005084775,318320369,589600000
2015-05-19,4.2942986123410005,4.264529173817592,4.313911505186695,4.255806411971605,220462991,1204500000
2015-05-20,4.266986955618638,4.265172980667271,4.29481297698586,4.255147246569385,451871306,1590800000
2015-05-21,4.271062767025858,4.2658831566948425,4.272260197630117,4.248050029447726,461554452,520400000
2015-05-22,4.29694414116446,4.266174957787056,4.29694414116446,4.263805178777069,272791937,1752500000
2015-05-23,4.3124031951535144,4.2654668949559476,4.336647776203751,4.2386412808372995,475636279,1490000000
2015-05-24,4.264370357532538,4.267633125992522,4.270478699199366,4.248976350403569,422260157,1196200000
2015-05-25,4.255548498262267,4.269859930941492,4.325043560775191,4.1796460308139824,489370343,981600000
2015-05-26,4.310210968565803,4.270776216807318,4.310210968565803,4.263695335414595,470276398,1482600000
2015-05-27,4.271225809447558,4.272282774957666,4.314490824185486,4.247898152305847,401726700,1788500000
2015-05-28,4.262727605435127,4.272637314847587,4.303199222068602,4.22816816163378,471120031,1155400000
2015-05-29,4.257988747487739,4.273933282700513,4.279779266900628,4.257988747487739,208879788,513200000
2015-05-30,4.292940110541505,4.2741049330481795,4.292940110541505,4.229167058235047,334986630,1031100000
2015-05-31,4.277137043901836,4.2750606553529815,4.297381342960081,4.27221938385483,358218732,602500000
2015-06-01,4.24443292951186,4.274820348229762,4.36198194847967,4.190778208660703,314604259,1353000000
2015-06-02,4.27855604857571,4.274775906752863,4.316576660869932,4.234897522126005,448645599,1687400000
2015-06-03,4.318837832385423,4.276354706058365,4.318837832385423,4.237625591879863,191854397,970700000
2015-06-04,4.274142384256537,4.277580432581382,4.306867383452056,4.274142384256537,323817785,622000000
2015-06-05,4.293462312249492,4.278979344693859,4.307984807818371,4.2751219776785145,254064501,1326200000
2015-06-06,4.308143411856669,4.280718497018821,4.3215361700278905,4.268180848772212,418798432,968300000
2015-06-07,4.2575270233613836,4.281278177423075,4.287109479403388,4.2575270233613836,194941337,1622300000
2015-06-08,4.28854351458871,4.283676051993261,4.370114041981329,4.223276565069675,160979617,1598300000
2015-06-09,4.292441584896234,4.284846337923812,4.379459260541667,4.267566221409593,426466981,817000000
2015-06-10,4.29616870668384,4.286338304725213,4.29616870668384,4.244438567052349,193739708,819300000
2015-06-11,4.269639641039069,4.2864919700677335,4.39283042205837,4.237549775270114,313792623,731500000
2015-06-12,4.248792902297662,4.287031953027263,4.289352747126149,4.248792902297662,356227499,1976600000
2015-06-13,4.298167322525966,4.287721438039862,4.330655539391102,4.2297722563078555,370190869,893200000
2015-06-14,4.267920625699649,4.287028010330184,4.288331937112748,4.267920625699649,377178410,594400000
2015-06-15,4.308803389853416,4.287495182520501,4.321161442180585,4.255842712731299,464943867,1271600000
2015-06-16,4.329278203951961,4.289274582976828,4.329278203951961,4.284296631490728,283657657,929600000
2015-06-17,4.289408743088308,4.289132035307249,4.383666729696101,4.273136778301872,474320161,1606900000
2015-06-18,4.291686966082954,4.290364219590445,4.330952004316083,4.288745147958286,111093204,1956600000
2015-06-19,4.285463501965785,4.2927148630726295,4.300399782203354,4.273766884483733,297996946,1042000000
2015-06-20,4.262594398471831,4.294022136191861,4.33848339269462,4.262594398471831,446676903,1401000000
2015-06-21,4.29857102582703,4.294422161003334,4.326638955088468,4.290595032490879,171150370,1484400000
2015-06-22,4.315468426181971,4.294847362581753,4.315468426181971,4.277734847503575,374189439,1257200000
2015-06-23,4.305332247888835,4.294549658356659,4.367593807194939,4.25876287273943,117259202,852300000
2015-06-24,4.2811587933493715,4.2956996197254185,4.346024273101012,4.2811587933493715,356882211,938900000
2015-06-25,4.261705646072775,4.2956322826865465,4.3124988233055275,4.258951561720798,245434344,1086100000
2015-06-26,4.300102292493966,4.29714352831685,4.327876975196859,4.260734437612738,371341766,961300000
2015-06-27,4.289812124564619,4.295921270927173,4.333433081361826,4.26270483409733,309189763,1526400000
2015-06-28,4.312981983454796,4.296041480015468,4.388777239589962,4.248271559988908,377088134,622800000
2015-06-29,4.310394279419221,4.293608458910614,4.339845115330235,4.2793660784826,280259888,1116800000
2015-06-30,4.255040528373019,4.294311107058358,4.325594043563311,4.255040528373019,260553712,874700000
2015-07-01,4.3033641977808985,4.293516811558754,4.342873373633259,4.251217244390789,110868501,635800000
2015-07-02,4.330086914700559,4.292991212466493,4.3359555048051215,4.26365593004799,195256039,1057900000
2015-07-03,4.31913681614047,4.293910927547655,4.31913681614047,4.293209011523401,399931444,1267600000
2015-07-04,4.279302257974736,4.2963669548733465,4.349716438381455,4.279302257974736,439987856,1731700000
2015-07-05,4.285691725641345,4.295951753850215,4.394038044073264,4.271311899041492,142477294,1539900000
2015-07-06,4.304579116317958,4.296892614988491,4.333550058852053,4.280618802286383,332896483,1969800000
2015-07-07,4.2583947286525685,4.297712807672156,4.302604259943748,4.2583947286525685,169677939,1752300000
2015-07-08,4.331899385758956,4.297492715860384,4.331899385758956,4.276099051789179,478231224,1444300000
2015-07-09,4.33991023426986,4.298803616343772,4.33991023426986,4.209467290123205,378395433,1955700000
2015-07-10,4.275591497192484,4.3002547269779665,4.317803435421927,4.218413533647387,339134359,649800000
2015-07-11,4.299269475073449,4.301323635149972,4.35716800804613,4.28827295472359,314789692,550500000
2015-07-12,4.322062498896511,4.301693955092169,4.322062498896511,4.2488197702707895,490592380,750800000
2015-07-13,4.291927813198378,4.302039344129055,4.353108917451452,4.2243557241674345,393562745,731500000
2015-07-14,4.290394288060213,4.301250950208236,4.34750584680823,4.280521338226454,177777273,1197500000
2015-07-15,4.29714887770364,4.303028479280534,4.318683892467043,4.268049437855229,225514107,546300000
2015-07-16,4.304911368274264,4.302606271174082,4.3647946637656565,4.284881340241042,109324267,1592000000
2015-07-17,4.287342932601661,4.304357500417307,4.3205684458717855,4.260672654750855,151471396,1255200000
2015-07-18,4.306384924931625,4.30666307527543,4.344246207956196,4.275746887490916,456832302,1731100000
2015-07-19,4.280396687695519,4.307115561017278,4.312875402996844,4.262806328219552,120875592,935900000
2015-07-20,4.253268824489975,4.309308270985738,4.400759593587299,4.253268824489975,222481045,1440900000
2015-07-21,4.337660944668833,4.3096896665291,4.337660944668833,4.305321385121829,213706330,700800000
2015-07-22,4.298607594533107,4.310292110649284,4.347721333582457,4.238106711798259,472322847,1359200000
2015-07-23,4.310583017130715,4.310979374006395,4.317060421321981,4.307472253643499,161286300,1102400000
2015-07-24,4.334607705584294,4.3126757791687345,4.392302269329458,4.245488004628118,458024049,574700000
2015-07-25,4.315942924752515,4.312088755713893,4.382397940432015,4.301058766302911,200243973,1919500000
2015-07-26,4.294093313062387,4.312928840514786,4.387837447427424,4.2865207881162055,305621660,1496100000
2015-07-27,4.338385960646909,4.312218887936679,4.370052491642137,4.308397339782913,319058566,1938900000
2015-07-28,4.347696000222988,4.312813174391691,4.360206687472359,4.245570520126323,466443290,1774600000
2015-07-29,4.352571689565643,4.311445336995073,4.358485035235773,4.284703316202372,351700441,629300000
2015-07-30,4.325176926179816,4.31080924552927,4.369968362773492,4.2669670425005,276274018,1528900000
2015-07-31,4.311504541688086,4.310971907842825,4.337043221602043,4.269333066069385,112271524,1296400000
2015-08-01,4.284814703527203,4.3110613540495875,4.341864870303176,4.284814703527203,177977531,1510600000
2015-08-02,4.294249175440918,4.310302606535978,4.315759784282701,4.22257045202305,470457887,584500000
2015-08-03,4.321900478782162,4.310378539584005,4.342259494736616,4.2075817981173795,192246288,1742100000
2015-08-04,4.301875825255726,4.312263398458944,4.343886251740336,4.292802393486101,186220710,1558900000
2015-08-05,4.303291180136038,4.312132308527212,4.325941458710697,4.288794524734364,267604641,754400000
2015-08-06,4.3178640883187995,4.312208412841973,4.329793115768538,4.286445602965764,209010099,837200000
2015-08-07,4.319896389086703,4.312372352996753,4.349384171827605,4.269794300940136,247116938,809800000
2015-08-08,4.321516970692937,4.313759035717515,4.32824198733966,4.2662568137745005,328445271,1147300000
2015-08-09,4.331312616464676,4.315240943328489,4.339665178706865,4.273406245065721,432271831,1844600000
2015-08-10,4.3034564634097565,4.318260763716806,4.365684623010629,4.294559872045993,168462478,1642500000
2015-08-11,4.306241954456987,4.318235371310709,4.325733464186831,4.264565028999074,367941633,1896200000
2015-08-12,4.321857460063176,4.318603300586516,4.334409480973679,4.254892678884935,339630141,1468200000
2015-08-13,4.303895114974461,4.318072675808231,4.363301623615833,4.303895114974461,460995729,1651700000
2015-08-14,4.272737100038462,4.318946672709072,4.3517532575467035,4.272737100038462,472782142,1867800000
2015-08-15,4.301198657008197,4.319465518261935,4.350375568934582,4.268415469389725,300622659,1770000000
2015-08-16,4.3218860154386025,4.318548134549178,4.360058427324241,4.2745312041236,326709227,1450200000
2015-08-17,4.354465069673656,4.319280670024451,4.354465069673656,4.274386255551341,236883766,1996400000
2015-08-18,4.287210194786174,4.320585954232211,4.351672579732907,4.274508455265632,199910512,1642500000
2015-08-19,4.338561189908298,4.320586197388532,4.338561189908298,4.24663867949327,163565065,505900000
2015-08-20,4.27277447206105,4.321828568647045,4.412826718992541,4.26438259709342,429052381,1771300000
2015-08-21,4.3151233291844475,4.321919893577015,4.33369588932499,4.3151233291844475,208176792,1664700000
2015-08-22,4.291446188168093,4.32113108082506,4.354694949126291,4.284180577627109,108205509,1618900000
2015-08-23,4.293833343603065,4.319226003455093,4.336632507145655,4.293833343603065,271496011,1350500000
2015-08-24,4.337519368612491,4.320358948140609,4.337519368612491,4.285681058700144,421822488,1926600000
2015-08-25,4.29915423143723,4.321692070168056,4.350135239453547,4.255170586847466,336023697,527100000
2015-08-26,4.329236926751561,4.32284312110709,4.369893761946753,4.307460184090778,181388107,1180300000
2015-08-27,4.310332197785817,4.323067775001526,4.342164177272721,4.281115860219464,237946008,871500000
2015-08-28,4.308562857903062,4.322708141132304,4.368428394022471,4.308562857903062,317082706,1327400000
2015-08-29,4.320732424256873,4.323838613178815,4.356828783532865,4.2560604632345775,336525753,865900000
2015-08-30,4.331287099076374,4.324852829216042,4.344351304276369,4.313494959294506,256578027,1063800000
2015-08-31,4.306123995135869,4.326260049809747,4.372492220628608,4.285124292734942,414904127,596300000
2015-09-01,4.305914319048842,4.326273965575,4.357235255324568,4.297516422033104,355463383,1474200000
2015-09-02,4.304164267370565,4.328527683102377,4.331026987595652,4.304164267370565,221052305,846900000
2015-09-03,4.3136711727431845,4.327113304302469,4.333440847841975,4.31359747386222,394689469,1038100000
2015-09-04,4.340427351301933,4.328901352976128,4.373134800267853,4.223248037252432,203572727,601900000
2015-09-05,4.333835929436613,4.329705230118294,4.3437045299105845,4.313673155921862,413931717,609200000
2015-09-06,4.308499373386898,4.330444289943415,4.358231329054341,4.293094945328092,117631504,1658400000
2015-09-07,4.357697944758156,4.331746564147215,4.372256359288391,4.283374483148889,198410111,636800000
2015-09-08,4.326680047913832,4.3318413534419005,4.383460910256591,4.323786555794492,220866222,516000000
2015-09-09,4.3384605416757935,4.332530531473689,4.366545604309792,4.314365171341544,316747163,938300000
2015-09-10,4.298360263642146,4.332297413283841,4.364236652492361,4.298360263642146,210799954,824900000
2015-09-11,4.310358052068573,4.3349353162110145,4.364066128758421,4.250439301339148,484560514,847000000
2015-09-12,4.331408270549124,4.334105599794031,4.37289728151954,4.283991868305578,301494879,1374200000
2015-09-13,4.295903608647735,4.334816632600509,4.335971202432928,4.295903608647735,268060059,1110800000
2015-09-14,4.291200902804625,4.3360374398300054,4.356018471900346,4.291200902804625,392724873,1758100000
2015-09-15,4.313935858901761,4.337888091259311,4.391009140076523,4.313935858901761,117095452,1910600000
2015-09-16,4.368912546895076,4.338056249530134,4.368912546895076,4.3360739028152935,141795488,502100000
2015-09-17,4.367306154314085,4.33861860775129,4.367306154314085,4.3318204163704666,179020215,605600000
2015-09-18,4.315699888430363,4.3390257775054675,4.370325864590871,4.298224086047201,281576843,1160900000
2015-09-19,4.2843931621194935,4.338061447717913,4.397713436409714,4.2843931621194935,272424367,1086400000
2015-09-20,4.328447546957717,4.3377573532330205,4.365633194293369,4.305935512745028,497062508,722300000
2015-09-21,4.343861528344777,4.33760267914402,4.349430151057214,4.245161694821867,459447304,683400000
2015-09-22,4.295523505371711,4.337688870215487,4.338023876766037,4.239577431274847,309265571,1415600000
2015-09-23,4.3818718328414334,4.337638224973917,4.403609028247971,4.292665874279605,203314325,612000000
2015-09-24,4.351496796048783,4.339165169404022,4.35191945788102,4.282386808363049,420478094,1393800000
2015-09-25,4.34054856110184,4.341181488513979,4.346041509668279,4.337842343739669,425595768,1522900000
2015-09-26,4.328713964875684,4.342270325358058,4.3519684248403205,4.30327339157765,479400916,1794700000
2015-09-27,4.36146001772685,4.342564410319242,4.369674192378675,4.294777061558987,137151469,1833000000
2015-09-28,4.315821156527639,4.343729987350949,4.348130219397772,4.2388725957827305,260381692,1122300000
2015-09-29,4.342431426422223,4.343525052555981,4.3773402961265235,4.331559593393987,121390941,902900000
2015-09-30,4.339777073445284,4.345528240186386,4.420583399950309,4.321291279639934,336534876,1726900000
2015-10-01,4.327546648800805,4.3451595882004606,4.348996931407191,4.327546648800805,179257474,1992900000
2015-10-02,4.380707773647667,4.345809495211596,4.412763876832238,4.288084758812128,168336860,1286900000
2015-10-03,4.3721971518047,4.345858226434793,4.382187390899143,4.24144802620028,198062628,1549300000
2015-10-04,4.3429451460104005,4.346272261884178,4.357998067524891,4.3429451460104005,258476849,606900000
2015-10-05,4.350667310345283,4.346544412908437,4.388087028319385,4.346148715473627,205622457,1723100000
2015-10-06,4.36660453024831,4.348343765099808,4.36660453024831,4.34614081563451,402168431,851200000
2015-10-07,4.370811148945346,4.347214698009663,4.416086910697743,4.33179059748083,418409031,1166900000
2015-10-08,4.337994792339861,4.346355026452361,4.387969530328372,4.289651158231975,458695040,1417400000
2015-10-09,4.366137115507125,4.346521164607366,4.366137115507125,4.332220119758997,272567107,1172400000
2015-10-10,4.356564141999933,4.3481600353483625,4.361253216585111,4.309754347733172,198605558,1358000000
2015-10-11,4.3488295438175495,4.348236318856337,4.378565047745073,4.276145013074512,442778276,1017500000
2015-10-12,4.341740934031952,4.348612991919716,4.388584196370029,4.301804011901709,444365953,1063400000
2015-10-13,4.349634197454792,4.348839779487515,4.418836249479865,4.331905236085328,311398005,589400000
2015-10-14,4.350252863000135,4.3500182104289795,4.3868108800399135,4.294095805283928,182537267,1225200000
2015-10-15,4.350568597031743,4.3511861027532195,4.41266485420486,4.298595427263266,177435510,1834700000
2015-10-16,4.35016137061804,4.3511047796677325,4.384671979385369,4.344124639291257,479324160,582400000
2015-10-17,4.349525636202436,4.351627400407016,4.354977341970999,4.310298806040645,388257858,963700000
2015-10-18,4.337777474782825,4.351425435374799,4.435100213301545,4.337777474782825,417481390,671200000
2015-10-19,4.369511157670412,4.350420547602561,4.377895712589669,4.325593195985985,312412937,604300000
2015-10-20,4.379475598520787,4.350928597515658,4.391490019668109,4.332665027815806,123106540,1367500000
2015-10-21,4.388755551556886,4.351959878943476,4.388755551556886,4.314839896505956,215663724,1902300000
2015-10-22,4.3499875908406205,4.351967905814921,4.389347086029176,4.346426331529362,193016711,1044300000
2015-10-23,4.368452154509574,4.352378524947807,4.385321568220278,4.261082565191392,498507598,1244300000
2015-10-24,4.315573479612626,4.352625924698812,4.369124135486926,4.315573479612626,310116491,1488300000
2015-10-25,4.35000887279354,4.353745640959078,4.366329659307151,4.345307747538811,195422045,1284100000
2015-10-26,4.365321421764633,4.354485234565989,4.400335982858172,4.319644740916886,191713915,1286600000
2015-10-27,4.364498990342906,4.354558824976967,4.379098788750125,4.338856788958491,467181089,586200000
2015-10-28,4.374691662837403,4.355653823614268,4.374691662837403,4.337691134706782,178162728,757400000
2015-10-29,4.358787942561638,4.355916816395049,4.429483028905474,4.320687883786516,339950723,690800000
2015-10-30,4.320076291768087,4.359095783557927,4.411736118321054,4.320076291768087,139977935,880200000
2015-10-31,4.366363435533824,4.359142703770092,4.383483158190588,4.324439327129443,419895768,1403400000
2015-11-01,4.346563899117544,4.359471294561814,4.381622804604208,4.281826553998983,484535479,876700000
2015-11-02,4.331819146581765,4.35998907151178,4.408390402864659,4.286565900612755,294410390,1275800000
2015-11-03,4.354183179319947,4.361260746569928,4.363330411225835,4.234388495051651,437656726,1175700000
2015-11-04,4.357435456101541,4.36164811360258,4.45435895454528,4.318726788149288,109401275,577500000
2015-11-05,4.343950211480467,4.3619611017226,4.399908370025341,4.293414718530832,414329348,557600000
2015-11-06,4.387506005329264,4.362097646192165,4.387506005329264,4.341416883980938,496585151,825200000
2015-11-07,4.383676675338845,4.364164883296227,4.434471954519317,4.284897111214872,129502874,1361800000
2015-11-08,4.370374344654588,4.3645930562669175,4.405050692339291,4.359433708962836,111918708,1784900000
2015-11-09,4.359714316117716,4.365515926565731,4.403559168969612,4.327422570053851,325312140,1303100000
2015-11-10,4.358759750711921,4.365653891612348,4.4085952188690705,4.34220870118436,321469861,1336800000
2015-11-11,4.352511955881601,4.366778914986496,4.39902611710311,4.352511955881601,246939621,1721400000
2015-11-12,4.392549315972675,4.367416374708614,4.433536516167735,4.321364485377625,252479900,1912000000
2015-11-13,4.354627146243713,4.366954380188034,4.405073000321285,4.327102142843622,379507718,1934900000
2015-11-14,4.36356551514402,4.3681594109766,4.394111143931162,4.36356551514402,149467034,904400000
2015-11-15,4.404694840231975,4.369945194660196,4.429694050747576,4.342662207889246,269176435,1987200000
2015-11-16,4.354200577379709,4.368794496179227,4.397511139631781,4.310456257833957,381972903,1906500000
2015-11-17,4.409755466565183,4.37107725155014,4.409755466565183,4.253262442688436,248333678,713500000
2015-11-18,4.373232690385939,4.373324056836079,4.446996204829825,4.369140920329006,179409281,600600000
2015-11-19,4.3420187857067845,4.373370977252885,4.514598877135202,4.3171119831749865,198455158,1152200000
2015-11-20,4.374302200924661,4.373455307762114,4.4887872285528045,4.330251017614248,188668532,717900000
2015-11-21,4.36478637390807,4.374367556278619,4.378610625180614,4.353972754166332,436855704,708900000
2015-11-22,4.389623868814315,4.374665144844167,4.389623868814315,4.363943304170054,167121978,1955700000
2015-11-23,4.4019309785065,4.375333009355658,4.4088329242907225,4.333111662097219,246843516,1473200000
2015-11-24,4.400757490985655,4.377218228756255,4.400757490985655,4.310565928902016,423370083,1050300000
2015-11-25,4.390560151471095,4.3773280184175976,4.395585310972728,4.334083727756313,149860475,1039900000
2015-11-26,4.364134682069299,4.377333023114528,4.423732629357449,4.364134682069299,383030553,802700000
2015-11-27,4.380200967285502,4.377721152387539,4.395556036302888,4.361410377435738,289909367,1660000000
2015-11-28,4.3645456214054335,4.376632329318596,4.408133250201226,4.328522086646326,385182572,1477500000
2015-11-29,4.433868276156641,4.377129386239789,4.433868276156641,4.312145933746398,398132970,1871000000
2015-11-30,4.391867192794672,4.378348410522143,4.445114523907702,4.335469288006227,329023187,541300000
2015-12-01,4.364046906369399,4.3778118788652804,4.421019454243709,4.341558583166576,115026187,1150600000
2015-12-02,4.364778109088306,4.37800982017719,4.416708800310772,4.320882310692018,357862963,1728400000
2015-12-03,4.368504638650939,4.381534300848767,4.384899711511165,4.303834463945848,271371315,555800000
2015-12-04,4.3504017484575686,4.383604820444856,4.389526565346859,4.257077310484403,191629149,1406000000
2015-12-05,4.413446149517036,4.383663793755284,4.454450245904608,4.382236756884271,223698094,1365800000
2015-12-06,4.377804626098974,4.3859403063579165,4.44031060559571,4.254635257085044,353586761,600900000
2015-12-07,4.346323150219711,4.385642298805716,4.408974847010578,4.346323150219711,262802134,1487300000
2015-12-08,4.380201751025764,4.385593237511771,4.429767976203949,4.359471878334139,474134627,1392600000
2015-12-09,4.388584851736574,4.386310260356193,4.421592633402624,4.376288736098675,495466507,1802200000
2015-12-10,4.398578980310008,4.388505787814106,4.446946870233357,4.303773004323635,386351145,936700000
2015-12-11,4.387507505308572,4.387175721477874,4.468981349520152,4.281606020389201,246304659,1286100000
2015-12-12,4.3743367336137045,4.387896004182332,4.4238859126222225,4.295978185746793,451881970,1521400000
2015-12-13,4.387040327528384,4.390104743510876,4.430802133851583,4.356245593516859,107762717,528600000
2015-12-14,4.399344863118417,4.391100738279517,4.402965753805407,4.346690992268899,166063395,1777200000
2015-12-15,4.371808847393006,4.390612148799863,4.433607215609834,4.321172568243786,255494800,1650400000
2015-12-16,4.377708296623268,4.391508528906071,4.439859883167892,4.357875708943413,193992257,1777600000
2015-12-17,4.397135041044596,4.3938899358884225,4.400829823959501,4.36989255206684,418945741,956700000
2015-12-18,4.374480736516381,4.393274609299801,4.403024697092574,4.347739449884302,301478711,1207100000
2015-12-19,4.370418049161067,4.393441117145202,4.43347445943725,4.364605350869402,253630596,591200000
2015-12-20,4.380632000643941,4.39494337367273,4.41791134378512,4.344382305435601,315713763,776100000
2015-12-21,4.397778711478616,4.396807288924358,4.415083054390125,4.3149523373089576,176456210,1780200000
2015-12-22,4.410277530601218,4.397316682859252,4.410388348444663,4.285049786721745,181100407,1946200000
2015-12-23,4.427730944677213,4.398529305498124,4.427730944677213,4.381104630888217,308816465,826800000
2015-12-24,4.400677287850546,4.399080395212718,4.4111417732622025,4.3906830241236925,130643339,1321100000
2015-12-25,4.409349232478859,4.401713935974619,4.414645196492705,4.394939787732536,460884931,1212000000
2015-12-26,4.439555542320402,4.402845322803064,4.439555542320402,4.395089783567482,310338686,1268000000
2015-12-27,4.3830972670955655,4.402648626343504,4.408171032302791,4.370311636355492,298577962,1600200000
2015-12-28,4.378586972694278,4.403970903705773,4.423880677854612,4.378586972694278,126829997,663900000
2015-12-29,4.387871556453267,4.403894671262527,4.482507797894874,4.342705348491981,409229528,1549700000
2015-12-30,4.424245376461441,4.403775688359183,4.464314864412452,4.400264365716542,203134700,1412000000
2015-12-31,4.4146916426798715,4.404640686393637,4.431276578430081,4.365809652525979,140733956,1936500000
2016-01-01,4.400436787582173,4.404854392021024,4.466134387739275,4.361195817538305,355144735,1285300000
2016-01-02,4.3948446281372755,4.405305061234959,4.408010722651122,4.350876576884483,221764175,1617900000
2016-01-03,4.389275539146484,4.405727465012876,4.4913475944474355,4.370624886108643,214215582,1775200000
2016-01-04,4.427203420994359,4.40533315488983,4.427203420994359,4.332258491082114,165100187,791900000
2016-01-05,4.432559313830626,4.406497746031812,4.528420702683444,4.345983792952001,363414801,1048900000
2016-01-06,4.401783446308967,4.407341056587389,4.455471210222157,4.34263716613899,169380264,649000000
2016-01-07,4.422855369539669,4.409955620763911,4.431017703030541,4.3197318307315795,276910148,827600000
2016-01-08,4.420681965733475,4.411075132315077,4.44157757588411,4.393232605813921,229477879,1396100000
2016-01-09,4.439030455658723,4.411857627758291,4.454483669235125,4.355418908631742,382959639,1615500000
2016-01-10,4.355267918287339,4.413179463926964,4.456192790983386,4.355267918287339,339741985,1972600000
2016-01-11,4.357853043793393,4.414842351726409,4.416323991412117,4.357853043793393,489515726,619700000
2016-01-12,4.403462934810706,4.41535897158909,4.4535162476898185,4.403462934810706,262409194,1314000000
2016-01-13,4.417040839921974,4.41658964185909,4.481837769900352,4.372454711837298,372500495,701800000
2016-01-14,4.399787428375105,4.417356701002843,4.41964881857224,4.386960492347232,220342804,1637500000
2016-01-15,4.437091954629546,4.417459154981498,4.437091954629546,4.385467501713685,413725637,874400000
2016-01-16,4.42978672489439,4.417669047506299,4.455066886731205,4.390507580569885,259872817,1705300000
2016-01-17,4.3959487049391255,4.419551521748602,4.475712946455899,4.3959487049391255,272361554,1383900000
2016-01-18,4.409965885805333,4.420484998469856,4.484790180331514,4.398055583667764,100137071,1736500000
2016-01-19,4.398383181083903,4.4206750250357265,4.458851897142191,4.388819403092286,302313343,847000000
2016-01-20,4.4201017347071465,4.419544549206611,4.428426663037367,4.389563611474099,475931097,602700000
2016-01-21,4.405434079521345,4.418988318210331,4.466094018035102,4.3934142150367075,332405851,757300000
2016-01-22,4.4620574434226965,4.41941028846683,4.4620574434226965,4.379501534743702,142467982,651000000
2016-01-23,4.413645357867182,4.421416787481255,4.4658508603994,4.394078482039875,241929089,504000000
2016-01-24,4.388577932344991,4.4220780171932175,4.514292943597846,4.388577932344991,344304901,1758700000
2016-01-25,4.4168550929447195,4.422307141857332,4.43372462811272,4.381152802836549,328136852,1940700000
2016-01-26,4.44281631034134,4.421680392468055,4.449949713429334,4.411660285600899,385577595,678200000
2016-01-27,4.416158012987312,4.421597384735319,4.431151996026981,4.416158012987312,170851839,1898800000
2016-01-28,4.418797473890993,4.421360872503645,4.455792143316017,4.381010181320532,366514005,799600000
2016-01-29,4.450952451311803,4.422504741353071,4.503636961715811,4.414537419494146,308087693,512000000
2016-01-30,4.4592415490854,4.423990900853257,4.47469727735792,4.411405645512797,449469520,1135500000
2016-01-31,4.398102720244803,4.424334356703556,4.4475953506489425,4.398102720244803,151961143,1647000000
2016-02-01,4.415254872326459,4.425588629872833,4.446999459129986,4.384068868486484,252147515,1857200000
2016-02-02,4.434997644303043,4.4253131103431835,4.445531020511536,4.368254533955222,360420922,1138400000
2016-02-03,4.398686664118998,4.425203976306745,4.50194103749452,4.383988718904599,224452094,560000000
2016-02-04,4.401474216759499,4.425907710266894,4.464239042917497,4.392707519763779,323910483,1285700000
2016-02-05,4.394414955019652,4.427194088455491,4.448916818879834,4.394414955019652,354589223,997400000
2016-02-06,4.432128394655547,4.427530605551013,4.454046237923188,4.3523918034459745,206324356,653500000
2016-02-07,4.411104779694955,4.427078879560782,4.452080886380946,4.392118760007199,115753191,1208700000
2016-02-08,4.413764029601029,4.428428877343278,4.468590695436767,4.385281753413738,286886826,1741400000
2016-02-09,4.432679049870147,4.428989219902592,4.4756623573828405,4.408624629797743,433280453,785900000
2016-02-10,4.384644841666412,4.430770762855153,4.456829779321013,4.380031789817294,357190475,515100000
2016-02-11,4.430503277407051,4.430340132997293,4.431806857465223,4.4240262169345925,169727504,1402700000
2016-02-12,4.433491258643012,4.431394234143461,4.454486994331478,4.405183910373281,271544317,1642500000
2016-02-13,4.450780936562262,4.433186500008943,4.497713294652195,4.415784952780836,256306890,1854800000
2016-02-14,4.4546907739429304,4.43563481333846,4.46889491496603,4.374209053174131,432086604,883200000
2016-02-15,4.432506038097585,4.43554765415655,4.441016929178272,4.374522027232922,456028226,1836900000
2016-02-16,4.4085319391877285,4.436928949510066,4.466806891582018,4.4085319391877285,329501470,1930700000
2016-02-17,4.443083894777677,4.4378876711539155,4.482948745673609,4.3853649975323545,414061534,1806400000
2016-02-18,4.453786367344908,4.438363160792786,4.453786367344908,4.402836008857859,499266742,1365700000
2016-02-19,4.397954802782947,4.440042652944371,4.479258072645476,4.397954802782947,293903712,1171300000
2016-02-20,4.4108297636245615,4.440844541100049,4.480502897537266,4.4108297636245615,178788671,1387500000
2016-02-21,4.435491290125271,4.4412220197945596,4.448632319584966,4.422516861195733,108956796,1841700000
2016-02-22,4.455740701372191,4.4439468841194945,4.478924950979181,4.4224141661919445,182103541,1175700000
2016-02-23,4.366835314167383,4.444595666585744,4.459496515988663,4.366835314167383,459859570,1001400000
2016-02-24,4.432896828269661,4.444180126230751,4.527541919966667,4.356432295125372,160737424,1729700000
2016-02-25,4.419977937391207,4.444830878874128,4.457802701566997,4.419977937391207,330229673,747400000
2016-02-26,4.4485256150871555,4.444777728498596,4.452790430061347,4.430819022279707,121317736,1409900000
2016-02-27,4.434866911902377,4.444665925147479,4.472841821948423,4.3445692532310005,461845520,1820100000
2016-02-28,4.404957197360142,4.444798225526596,4.542619661622241,4.404957197360142,201659056,1349500000
2016-02-29,4.459301404831866,4.446098677282374,4.463442102215837,4.431626080381386,370999807,1071700000
2016-03-01,4.478793219189134,4.4463397761681795,4.518478972153267,4.435526225709762,222031734,1497200000
2016-03-02,4.447893807084203,4.446328868491824,4.4755216849086334,4.4325586047922325,198138455,1561300000
2016-03-03,4.460460858074649,4.448163163751989,4.4972764690032765,4.419571047046237,301258162,1165700000
2016-03-04,4.469110172126964,4.44972844291829,4.469110172126964,4.449002832296941,145865352,1688800000
2016-03-05,4.448348089085956,4.4498585747117305,4.457622824985647,4.402255830960742,311848643,685000000
2016-03-06,4.477614848651492,4.451595598345421,4.477614848651492,4.3829002973675095,168161112,569300000
2016-03-07,4.43987207328784,4.451946362171656,4.568887076586807,4.386888788554519,363471760,843800000
2016-03-08,4.509287978009645,4.452478853364219,4.509287978009645,4.3641020258665515,463088904,1125500000
2016-03-09,4.434111991364465,4.451391052987536,4.4776555426924745,4.431704161958792,121902486,664600000
2016-03-10,4.476997517186341,4.451885598450288,4.476997517186341,4.444491574570656,360798075,1140600000
2016-03-11,4.462552737778788,4.452317921717757,4.4750913653548405,4.3878455771462495,298006032,1040500000
2016-03-12,4.432608572473676,4.453876328843933,4.49509017907688,4.432608572473676,396289076,770700000
2016-03-13,4.4897914792330065,4.454180839210924,4.4897914792330065,4.441796796480636,274415169,757300000
2016-03-14,4.487931321905975,4.454974640523924,4.526825386941603,4.3756161150361885,243376592,1315200000
2016-03-15,4.483851331147403,4.455855687859141,4.4966272791517365,4.4222724358964705,146431795,1283200000
2016-03-16,4.483570511861307,4.4567523311366255,4.486356159516539,4.430072689461891,291419939,809300000
2016-03-17,4.455855419694678,4.4567800884192135,4.471396600721557,4.455616228016514,130734605,1307800000
2016-03-18,4.444187336734417,4.456678264494296,4.523489610176137,4.444187336734417,306901594,1419600000
2016-03-19,4.468494460038027,4.458520967418064,4.476035435485963,4.424573860891788,341123108,617300000
2016-03-20,4.452107011182158,4.458713503094208,4.487037125344353,4.448088198769466,121017106,908100000
2016-03-21,4.429968845851667,4.459812794852075,4.546864656997513,4.411076205884374,496951629,910700000
2016-03-22,4.4935601581678775,4.459306851099055,4.500532403766153,4.448902285201567,168087591,1750700000
2016-03-23,4.478332622324846,4.460869072122126,4.4903164955829915,4.354336076147809,221196239,1115900000
2016-03-24,4.479002570353108,4.4620089053951935,4.479002570353108,4.445549788345444,442495428,634700000
2016-03-25,4.426040965647646,4.460399848759789,4.501932185774049,4.358998538399166,408666058,700100000
2016-03-26,4.451183865097663,4.4629880545644625,4.483800678417888,4.4491055825936465,223630349,781800000
2016-03-27,4.447059359535973,4.4634587761719535,4.4841576976546875,4.420421688583838,369223715,1182800000
2016-03-28,4.454265241305845,4.46312112836285,4.499968261546782,4.445860543426302,453868626,1382400000
2016-03-29,4.4914051802738975,4.463815919889842,4.4914051802738975,4.441870793624778,457044925,1027100000
2016-03-30,4.461672714557106,4.4639682276290165,4.5228158210051905,4.443387589850524,101108250,1802000000
2016-03-31,4.4602062195029015,4.4625900295312375,4.485018300260302,4.4437636685253645,133460142,1716900000
2016-04-01,4.451481714501891,4.463534078891121,4.463844872077824,4.433933279474204,208243607,524500000
2016-04-02,4.458192029371261,4.462345084278181,4.476043323357284,4.4082824090286685,296012198,1848700000
2016-04-03,4.442240742356254,4.461559307147505,4.483293333280299,4.442240742356254,129383842,1335000000
2016-04-04,4.46967275499582,4.4608050615540495,4.481682751318076,4.435961552600483,225332540,1632100000
2016-04-05,4.430707949154342,4.461644374370679,4.516863071046718,4.430707949154342,491440880,1911500000
2016-04-06,4.456582797516913,4.461450431900281,4.464156087247256,4.456582797516913,358050222,1906400000
2016-04-07,4.480536958140078,4.461975523172807,4.489267542665342,4.402469328888875,360512513,1384400000
2016-04-08,4.444683649421405,4.461809044557069,4.486874463585696,4.441333088990917,410791463,1399900000
2016-04-09,4.469593901747068,4.462411973241738,4.507891717258852,4.457653057955353,475125504,1868300000
2016-04-10,4.497985447396487,4.464335098289659,4.497985447396487,4.4317479926071215,427765585,1387200000
2016-04-11,4.468330635468459,4.4639733975279245,4.523685460954354,4.452337104192556,118180971,602100000
2016-04-12,4.4350025781210265,4.464931738864249,4.4922582458808495,4.396840385116464,300120495,1057000000
2016-04-13,4.531819578530539,4.466113829319088,4.531819578530539,4.443226623013319,140957601,932300000
2016-04-14,4.505375917222125,4.464918724152593,4.583024621496906,4.446503626212279,108614773,1401700000
2016-04-15,4.49274037072337,4.465914767262852,4.509832240753008,4.422840090153798,366584943,1006600000
2016-04-16,4.437891797296469,4.4665157537038835,4.478729633268779,4.393900063408668,494844893,1554900000
2016-04-17,4.46974386058309,4.46727236541468,4.521369075246268,4.442370705523817,103195793,1608100000
2016-04-18,4.456807940708484,4.466139260137057,4.5195798079991,4.456807940708484,260779498,1417100000
2016-04-19,4.480213965020131,4.466330430189236,4.480213965020131,4.454361971264192,156392121,596400000
2016-04-20,4.470210334909795,4.46623336634793,4.529743048705493,4.461446371553685,415929240,1861400000
2016-04-21,4.431659599226858,4.466251700188914,4.528347260742401,4.431659599226858,206692111,551200000
2016-04-22,4.4916326965634905,4.468534343411525,4.498500847226182,4.4660160809378775,185537659,1720500000
2016-04-23,4.464291183932568,4.469782467219,4.484502053446829,4.439899669688672,450784244,1223100000
2016-04-24,4.503629446216926,4.471236734254821,4.5072668475893,4.441310747181348,145816316,1688900000
2016-04-25,4.472098371794639,4.471597559152339,4.4928977898894225,4.430362593648983,228546285,1869700000
2016-04-26,4.457644093034711,4.471502187936388,4.477353588886524,4.445152935207631,168842123,1838400000
2016-04-27,4.491374289885171,4.472217635548632,4.491374289885171,4.460116485125924,201346422,1053500000
2016-04-28,4.45744366385186,4.472392888115769,4.493336031816854,4.440350603090905,423795910,1901400000
2016-04-29,4.4742653231250324,4.4734454041102225,4.479056467199325,4.43298433326347,383015849,1787900000
2016-04-30,4.504921009372104,4.474062887964622,4.507886223439392,4.406485235445845,105428419,1496400000
2016-05-01,4.472995331528635,4.474196381784616,4.489068947927048,4.309767181451087,457897439,1610800000
2016-05-02,4.481046662906473,4.477184055587966,4.4994567868237585,4.430555404086789,409365184,1923800000
2016-05-03,4.493947341847176,4.479003045467021,4.565416271016717,4.454167364512679,288637383,1733100000
2016-05-04,4.484511493145454,4.481689624796651,4.525518065461408,4.427114601274641,135397715,1113600000
2016-05-05,4.431870508994102,4.4820127056434815,4.5240349191143725,4.431870508994102,265870160,663500000
2016-05-06,4.487916201910801,4.482002183534245,4.543181058349901,4.456551387319628,226148201,1168600000
2016-05-07,4.4646504434899645,4.483431065458309,4.505242863888187,4.433938406853003,474878502,923300000
2016-05-08,4.483326981251563,4.484657159828691,4.545550676170345,4.428116437709518,417190229,1431600000
2016-05-09,4.460067421892099,4.485456394213928,4.505242847839123,4.443985993691704,145568194,1373100000
2016-05-10,4.502873470466506,4.485308602449087,4.502873470466506,4.465450289364396,498888796,864100000
2016-05-11,4.476792454642541,4.4862728559890135,4.491560246329016,4.443825529003555,242820569,921000000
2016-05-12,4.505767302378139,4.485022769255403,4.505767302378139,4.454568087388424,458453074,1160500000
2016-05-13,4.503712911078617,4.48489217629895,4.568852391119544,4.4158713374754495,182075895,1883700000
2016-05-14,4.490187236708823,4.485712476347003,4.606989261770467,4.473714785677132,371447082,1868500000
2016-05-15,4.413364913875418,4.486417823456466,4.51996187555663,4.413364913875418,491840421,510500000
2016-05-16,4.473186542305396,4.48849951202891,4.497527545629984,4.443348906582094,417757331,1126100000
2016-05-17,4.532939799640341,4.488666106997062,4.551145688322386,4.484467153210174,294968138,1006000000
2016-05-18,4.465303525850728,4.488008507507866,4.528766142421739,4.465303525850728,258061051,578900000
2016-05-19,4.470185405006047,4.490177175220992,4.525144223233649,4.459313346837981,336734750,1571200000
2016-05-20,4.469904808055645,4.490144591294071,4.565066867998429,4.469904808055645,324528439,977200000
2016-05-21,4.50941358368183,4.489990489225844,4.548997294895919,4.4747093856372055,263069631,1719600000
2016-05-22,4.507435652824875,4.489581884806595,4.557164904163037,4.456746023981602,449309554,1075700000
2016-05-23,4.4982952440409,4.490749587560063,4.517547325728455,4.439804691873353,283206002,1322500000
2016-05-24,4.485901718850572,4.490065289190914,4.531820441970777,4.485901718850572,302239819,790100000
2016-05-25,4.452444075489773,4.490797754245162,4.506633597393059,4.452444075489773,390425558,996800000
2016-05-26,4.488888805700825,4.490963789891528,4.498359815380004,4.460748365260515,151139629,1750800000
2016-05-27,4.470768529818985,4.49301037055194,4.500649385811925,4.459827480372325,179878756,1896200000
2016-05-28,4.5169826616484325,4.493855223123963,4.517115176433837,4.363296257472733,435532293,553400000
2016-05-29,4.495665755524888,4.4948429321373045,4.546848070992024,4.418578304029691,264047829,1016700000
2016-05-30,4.511382186545829,4.495022402763071,4.533434888730749,4.379084250213439,244909479,1381100000
2016-05-31,4.467501453521121,4.49351545896304,4.509159783827913,4.467501453521121,281046004,699100000
2016-06-01,4.502539895530131,4.492513818264747,4.546480649097034,4.444788539119615,489422306,1156800000
2016-06-02,4.48087658968105,4.493804105230747,4.5150469132928395,4.455938884342372,498417873,787200000
2016-06-03,4.480311388587222,4.493491130463058,4.5363528298232305,4.469499748112914,112154688,600300000
2016-06-04,4.511921977801311,4.493129419780216,4.511921977801311,4.4761553037850526,265463263,1113200000
2016-06-05,4.521577233623351,4.493305160617907,4.529205754990347,4.429354615491183,477453492,1931800000
2016-06-06,4.487756552832398,4.494078537924446,4.564212546040178,4.369707217072629,202269250,1573200000
2016-06-07,4.523862594776788,4.495391395557744,4.523862594776788,4.40223393792853,128392565,536200000
2016-06-08,4.493164216371541,4.494971765470937,4.500563073660091,4.476549435783308,422538203,798300000
2016-06-09,4.501508548916713,4.497070674375332,4.523960979077759,4.488920772357483,131967535,634800000
2016-06-10,4.499752582866465,4.498046009143762,4.501150214279997,4.482592760072824,423111431,1163800000
2016-06-11,4.522786127519523,4.497211585006026,4.576965544460549,4.47303729595265,289841454,792400000
2016-06-12,4.4503280035166055,4.497237336228179,4.52536886387054,4.4494178260405395,171516643,1212100000
2016-06-13,4.50419363781957,4.496370098242384,4.529740596698448,4.483217832010523,400288993,593600000
2016-06-14,4.485638752737373,4.497225479120173,4.520330132682638,4.460716133857023,371879991,1256000000
2016-06-15,4.496427747209199,4.497594728098886,4.535624765776644,4.448979684424812,150481415,1137200000
2016-06-16,4.501324398598839,4.4983905480140685,4.562769223224226,4.4651179740499565,304808500,1599100000
2016-06-17,4.513357362518194,4.498741880841796,4.513357362518194,4.479028272225297,193090296,1469400000
2016-06-18,4.497576934733841,4.498477002313684,4.530897751621812,4.438044938757779,124601623,625600000
2016-06-19,4.529901797339905,4.500936196676524,4.529901797339905,4.4425987587432765,279968119,1293000000
2016-06-20,4.524024452647088,4.502678955270348,4.524075114086597,4.4713028584558465,492085871,1967200000
2016-06-21,4.5210044519216135,4.503276475848158,4.544778569224821,4.480338783649708,405712003,1938900000
2016-06-22,4.454654228322697,4.503687651638541,4.581690781628689,4.454654228322697,430808458,1514000000
2016-06-23,4.494424215696483,4.50457544036857,4.508804035253574,4.494424215696483,400679405,889400000
2016-06-24,4.508572647888091,4.5048726415162275,4.538996008931959,4.47093935395972,172238104,1905900000
2016-06-25,4.511764838863486,4.505062758428703,4.515897746948444,4.449788372954658,403404303,1643600000
2016-06-26,4.512699246930437,4.506311413954905,4.512699246930437,4.46619171617015,105657443,984600000
2016-06-27,4.510489751159363,4.5073538091089045,4.510489751159363,4.484324459871412,141590450,906100000
2016-06-28,4.526556480242064,4.508163782747607,4.526556480242064,4.45378146590971,425264703,1999600000
2016-06-29,4.515687634759728,4.507979879410353,4.515687634759728,4.4907942690450735,239144395,1318200000
2016-06-30,4.519709704161364,4.508566636157754,4.5527292321579385,4.476034881064731,363400182,1788500000
2016-07-01,4.500594615872643,4.508676546814845,4.5101791972520955,4.4006626106656785,225402329,1958100000
2016-07-02,4.520306148688081,4.508292775208278,4.58852387581823,4.464109553702266,177663629,583200000
2016-07-03,4.5041894273701875,4.507486192719253,4.52961278129094,4.484810813616002,436349963,1181000000
2016-07-04,4.506058974897501,4.509586985652186,4.52055943483169,4.506058974897501,416462859,713600000
2016-07-05,4.495070817576013,4.509983536311547,4.5749064984534655,4.495070817576013,179481849,582500000
2016-07-06,4.5054799469347575,4.511996949098847,4.577340119197884,4.492056673501058,131318316,1685400000
2016-07-07,4.5439052520901955,4.511357534065582,4.5439052520901955,4.475056836029335,493174297,1267700000
2016-07-08,4.513929807548316,4.512188533808443,4.529039110288471,4.439466917454845,163126620,754700000
2016-07-09,4.484849415911014,4.512358442008765,4.529569233507711,4.4735086852806525,209284836,1433600000
2016-07-10,4.525939027589428,4.513826895725077,4.525939027589428,4.4709568938940585,346582178,1559000000
2016-07-11,4.513190640537595,4.512882210130762,4.582058642168995,4.442477559075195,325762474,974700000
2016-07-12,4.55307725911779,4.512937475269072,4.55307725911779,4.460929292419237,212931750,1350000000
2016-07-13,4.5317400935343475,4.512359608654322,4.572638897430307,4.512286195595285,401693594,1972600000
2016-07-14,4.52969611552092,4.513031389908399,4.52969611552092,4.502185534343911,228125191,1496100000
2016-07-15,4.493691199206723,4.512057712135314,4.533732369237566,4.475195767671687,370762298,1671000000
2016-07-16,4.5201698844130345,4.511979227705318,4.542659638117798,4.502380553772605,118703137,1995100000
2016-07-17,4.546592306131486,4.514299812084318,4.546592306131486,4.475629130742005,173237057,1394600000
2016-07-18,4.531057006698143,4.513691767932493,4.531057006698143,4.5015717576118215,494554422,929200000
2016-07-19,4.5258177345474655,4.513613029164549,4.532592700415118,4.48629873395064,209238554,1213100000
2016-07-20,4.51665449192393,4.513600806628628,4.577106699171118,4.484259350275958,236656912,576300000
2016-07-21,4.545897386649589,4.515180780690919,4.545897386649589,4.509137233166498,293168815,1442400000
2016-07-22,4.5290240873411,4.516478123274643,4.5290240873411,4.493097273413362,218878607,994900000
2016-07-23,4.510025470077753,4.515822999048294,4.528432765095453,4.50833256160866,245086327,813600000
2016-07-24,4.546004280675623,4.517248359542118,4.546004280675623,4.47787635532312,244509196,1224900000
2016-07-25,4.533013306694152,4.517775365112358,4.562184889552531,4.458265976094051,350378761,905800000
2016-07-26,4.47801929878638,4.519574036870502,4.561665704444273,4.47801929878638,230671674,1806100000
2016-07-27,4.527845026120396,4.52167543508199,4.571420149217589,4.51156134979983,142586291,1081100000
2016-07-28,4.529681650094457,4.522719730796197,4.563747447043262,4.44945761236232,296406616,1772300000
2016-07-29,4.491068550292526,4.523016012819281,4.583107625309139,4.490910877322454,417718004,1223600000
2016-07-30,4.502989833647158,4.522669685705933,4.582552544877582,4.502989833647158,455663129,1557800000
2016-07-31,4.485537234290377,4.522173279615619,4.579707843985722,4.485537234290377,428304265,1390600000
2016-08-01,4.5704889185225115,4.522742045260278,4.6165354182645295,4.488590360817275,400368679,578900000
2016-08-02,4.5513384195986495,4.523366903846863,4.5513384195986495,4.503802443807951,265285852,1786300000
2016-08-03,4.514693138732547,4.525468506621023,4.636814378971638,4.508380472402511,468894416,1397700000
2016-08-04,4.519567728764117,4.524280193617092,4.58062765629491,4.493774334431517,393083538,1247000000
2016-08-05,4.523480389695824,4.524670836441404,4.587226567149695,4.483438175577281,290522965,1175300000
2016-08-06,4.524538153098745,4.523591432850529,4.556986095597495,4.489231605007676,250421870,1451000000
2016-08-07,4.5268213602592535,4.5226510276190455,4.539501097839812,4.511618519223833,237359806,1525100000
2016-08-08,4.531931949654473,4.522461912722077,4.534464352939975,4.504844592333141,333262370,849900000
2016-08-09,4.541144577504113,4.522735432090256,4.545990586053027,4.5226011743730306,313243108,1111700000
2016-08-10,4.524939370768194,4.523346178439809,4.60567320026408,4.507472848470355,219054203,936900000
2016-08-11,4.476669151114005,4.522083201824255,4.532321586127537,4.476669151114005,220827328,1855000000
2016-08-12,4.498529078215564,4.522862510456251,4.539560076440877,4.446484114509025,225601482,1615400000
2016-08-13,4.5326378403389995,4.524640188378069,4.538515309088653,4.490493659082407,213981435,1492500000
2016-08-14,4.527390853077061,4.525752530677505,4.550446747360907,4.461096399439126,216785949,1241000000
2016-08-15,4.505650418007776,4.526663929573464,4.5643582667143,4.505650418007776,337850610,1721000000
2016-08-16,4.5528409227885485,4.525963234088259,4.5528409227885485,4.510668590233274,435537163,1950300000
2016-08-17,4.530051373797151,4.5254851667507205,4.575165909783569,4.497681984005832,335470854,735300000
2016-08-18,4.554345726289413,4.527272269657893,4.554345726289413,4.467904553763917,203691165,516000000
2016-08-19,4.522994947630316,4.527782128404931,4.618337307808495,4.50938028183004,238141575,1979100000
2016-08-20,4.555911755820858,4.529422582729056,4.555911755820858,4.513772511011302,233775637,1109900000
2016-08-21,4.536076408458328,4.529057615787184,4.539929719340589,4.442518451232272,243237201,840400000
2016-08-22,4.490151572565326,4.527965276738994,4.534553358225754,4.435907952034679,373908230,899300000
2016-08-23,4.523342818477876,4.52974969282946,4.550464091059759,4.51380916464447,206917570,1097700000
2016-08-24,4.519949378632848,4.529537524485825,4.599109940887926,4.499657098620948,470432478,1078900000
2016-08-25,4.546080344528496,4.529546806524291,4.594174978889735,4.469463630651547,190800127,1005100000
2016-08-26,4.515886891335904,4.530895634144139,4.6226637971615805,4.475380144390255,354068044,552700000
2016-08-27,4.533805382763273,4.530760161574002,4.556120480570165,4.468678597509199,451732578,1054400000
2016-08-28,4.5435965215236,4.530203549965526,4.550566912232417,4.479017093267678,483924529,704600000
2016-08-29,4.542063800785618,4.529687216556568,4.542063800785618,4.478308400935075,241628034,1791300000
2016-08-30,4.57271613707953,4.530229993924695,4.57271613707953,4.474786107195037,276737845,1410100000
2016-08-31,4.581740832418349,4.530826932167966,4.596673016484243,4.489213328705668,383867944,901600000
2016-09-01,4.567792709031399,4.531272707460002,4.592184297121078,4.4671283122449825,311527060,1214100000
2016-09-02,4.506905795849587,4.532346627926037,4.586052094015606,4.506155132684611,482203516,1373600000
2016-09-03,4.538747655657963,4.532408705169041,4.566495768722688,4.446364939314014,354587970,1315600000
2016-09-04,4.5845359534818835,4.533082209396765,4.5845359534818835,4.506820613602844,343030767,1251500000
2016-09-05,4.558009279869693,4.533151470202326,4.558009279869693,4.502059200914666,265652744,1102500000
2016-09-06,4.501849824316291,4.5342517865163785,4.549666130983222,4.501849824316291,207194026,550400000
2016-09-07,4.553332223415434,4.5343208257309735,4.6011960195428765,4.518480543708968,449957797,1897300000
2016-09-08,4.562360940157019,4.533854451185005,4.562360940157019,4.4712856514297314,418352388,1563100000
2016-09-09,4.547205275748286,4.533280965973929,4.576374736715227,4.520145156535727,404115433,654000000
2016-09-10,4.487134852650517,4.535592045557176,4.569984780220481,4.487134852650517,260887601,1756200000
2016-09-11,4.518439206735103,4.534634584084889,4.53610597180523,4.477960399352639,207035004,798800000
2016-09-12,4.535366583665421,4.534585868142756,4.550233915040749,4.441195430491523,112617825,654000000
2016-09-13,4.516903214098828,4.536561183428298,4.5671903602304535,4.474248446524823,213227926,1370000000
2016-09-14,4.577233236068038,4.538067766231444,4.577233236068038,4.498778724477049,460907400,1328000000
2016-09-15,4.571801292042174,4.5390411311738985,4.571801292042174,4.489499788157943,357727318,1357100000
2016-09-16,4.53395935536847,4.539088576918309,4.570443737323184,4.53395935536847,274457042,827800000
2016-09-17,4.553908853685744,4.538920429045848,4.553908853685744,4.481027376756735,311273885,812900000
2016-09-18,4.519438093905956,4.54034115264967,4.615972223576799,4.519438093905956,296914708,1977400000
2016-09-19,4.553539758456142,4.538620924061549,4.553539758456142,4.503340379304117,135608181,1519700000
2016-09-20,4.575788674368446,4.539096977239042,4.578950772438183,4.511666746184359,133258663,987300000
2016-09-21,4.551018135011791,4.539088209745898,4.575808147736106,4.447517194183912,214054910,534500000
2016-09-22,4.547394685637403,4.539287312144472,4.601267277286757,4.461721291021932,420488362,1112700000
2016-09-23,4.516176889291014,4.540243409853468,4.596223964344268,4.472268639517305,476494249,951600000
2016-09-24,4.529898204128069,4.539435944799933,4.5659045685209945,4.519810737287594,477087712,1057200000
2016-09-25,4.53662629488015,4.539600846670476,4.582196901354404,4.488947692512051,350171698,1910400000
2016-09-26,4.52541739986501,4.5394389092101655,4.59103863227398,4.519477216783103,495131819,1068100000
2016-09-27,4.559294925611472,4.540171040439479,4.57354187838308,4.456233972325937,311829991,748100000
2016-09-28,4.5229941506853715,4.539996574203478,4.546158258122046,4.481747676676985,270338956,1077100000
2016-09-29,4.54828675536763,4.54183529977429,4.592851710682652,4.519712550669962,400656292,1732100000
2016-09-30,4.571493160481494,4.542321342084142,4.571493160481494,4.536739296227055,422824020,1357400000
2016-10-01,4.5006757381474,4.544565001849752,4.622701404826694,4.5006757381474,426512533,829500000
2016-10-02,4.534011662776308,4.54762699499412,4.596434981764956,4.521775256558207,205363073,550200000
2016-10-03,4.561283596163021,4.548682859722198,4.561283596163021,4.507263591908112,406393243,1917500000
2016-10-04,4.490721710174003,4.548452220801583,4.585272402562434,4.490721710174003,329107202,1179300000
2016-10-05,4.537733210136198,4.549258996180298,4.577537320700179,4.457287246534407,149501698,901500000
2016-10-06,4.514421284897543,4.550414068638245,4.602147269844541,4.4933216779743805,444987055,526600000
2016-10-07,4.556815400328147,4.551123034732346,4.556815400328147,4.537086643081366,382506737,1889600000
2016-10-08,4.534553145733021,4.552014574570326,4.556812110650026,4.534553145733021,237554530,1680500000
2016-10-09,4.529947196451406,4.555175398780035,4.579187424862254,4.4857388995776235,404250730,1344200000
2016-10-10,4.541903999870462,4.555097674294756,4.569437536021056,4.541903999870462,462836713,1700700000
2016-10-11,4.563579050905219,4.555115897333749,4.57664072268797,4.510325787134162,497393548,1621800000
2016-10-12,4.55479732488167,4.555724936377611,4.61991769987784,4.478658123678219,219623189,1851400000
2016-10-13,4.548089356668326,4.5559479587626805,4.561968996700852,4.548089356668326,367614200,940600000
2016-10-14,4.528452732020772,4.556322995900725,4.585090425786968,4.528452732020772,488287699,987400000
2016-10-15,4.588529064997215,4.554712736717074,4.608637480658327,4.54912801121284,402866107,1112700000
2016-10-16,4.557190417280717,4.55571077041841,4.568240692997859,4.546727382991413,150013225,1108000000
2016-10-17,4.559652801966381,4.554668251880897,4.583273189926773,4.485916031771076,183485732,1839500000
2016-10-18,4.558841705995667,4.5549375820109335,4.566695600301469,4.553065531235107,396243801,913100000
2016-10-19,4.538159026893427,4.555061327796007,4.596562095643675,4.538159026893427,248960801,1653100000
2016-10-20,4.554936072734871,4.556069798611386,4.5885360450661326,4.495760695763574,194466651,1536100000
2016-10-21,4.554889844294498,4.556175506850979,4.572886032194075,4.520458307735894,280590553,1897000000
2016-10-22,4.578929086219981,4.556203122351761,4.578929086219981,4.520566003889096,316435925,1423400000
2016-10-23,4.571113917552088,4.558066743472185,4.6128848617443445,4.525360489521412,308537060,1076600000
2016-10-24,4.5576937534016455,4.559047105581625,4.564676815725561,4.5422136277531875,435436356,1977700000
2016-10-25,4.5876650455990315,4.560561679282194,4.606715820796128,4.542747191899714,216359249,1536700000
2016-10-26,4.55335580372468,4.561183343989503,4.599768510150394,4.5247727939364255,111205191,574000000
2016-10-27,4.533868408215815,4.562016208499371,4.626127023634613,4.516350723763377,137438909,935500000
2016-10-28,4.552221461454947,4.5630265315340885,4.605512554715447,4.456203023464694,162892949,1908000000
2016-10-29,4.545466627328717,4.564352716373828,4.6317333893919255,4.534203395041885,199715199,1726900000
2016-10-30,4.5391726815049145,4.563883515543783,4.591108859718815,4.520897453682535,406882347,1044000000
2016-10-31,4.537507347741712,4.564668881241815,4.565281085585841,4.537507347741712,156218884,1672200000
2016-11-01,4.559558218885794,4.563855902173453,4.591032000504177,4.518484159673223,176678799,1496300000
2016-11-02,4.568039833157124,4.565081942374917,4.605229321692827,4.537854690660025,173193316,1771700000
2016-11-03,4.6023621613149786,4.565294555137326,4.6023621613149786,4.550403551611167,400130722,1840100000
2016-11-04,4.583671999070464,4.565323501230464,4.597099533850822,4.535827682614898,414148062,1516400000
2016-11-05,4.5882033827068645,4.566103419155484,4.6278890733079,4.518621585630787,390522821,1128200000
2016-11-06,4.621843560428175,4.565998669471149,4.623710823778132,4.515956812377244,234420213,771000000
2016-11-07,4.5686021854097305,4.568501569390886,4.610655857490616,4.563321554476319,190390253,1706900000
2016-11-08,4.60559531759205,4.5684854975987985,4.60559531759205,4.542432457395162,446669165,1736600000
2016-11-09,4.574874708065307,4.567404365078836,4.580964272358141,4.560328246827977,412088191,1734000000
2016-11-10,4.52468999197847,4.568756711570448,4.572370761324596,4.52468999197847,339719733,1345900000
2016-11-11,4.584635094632263,4.569151450359558,4.584635094632263,4.564425125865785,484371819,1524700000
2016-11-12,4.605039684677535,4.569106172404885,4.605039684677535,4.50733506387285,141480396,1061900000
2016-11-13,4.608603142705298,4.569885237693804,4.61447714181704,4.5007356199215565,373753471,1787900000
2016-11-14,4.551430534113415,4.56962813487398,4.61535324754299,4.481390952232897,469935433,570800000
2016-11-15,4.554247817620471,4.569438172308859,4.613045319003461,4.438136866073999,335226236,566900000
2016-11-16,4.589682139987373,4.571255444042922,4.589682139987373,4.560579677347932,282786872,1988600000
2016-11-17,4.560928604763749,4.570894550274419,4.643780636531833,4.512236993084415,282881307,1130000000
2016-11-18,4.546794975931985,4.5712659857813005,4.611537609876085,4.546794975931985,466166365,1033600000
2016-11-19,4.536981126936988,4.5710957445670575,4.59127456622467,4.536981126936988,109659415,1921600000
2016-11-20,4.539596040369773,4.573270360470521,4.6032600401729455,4.539596040369773,292601511,1749800000
2016-11-21,4.6154943928472125,4.573413351795971,4.6154943928472125,4.543680272597565,163811980,1266900000
2016-11-22,4.552105021778262,4.572391930777971,4.658707811950317,4.552105021778262,249799500,956600000
2016-11-23,4.581282129086383,4.574107954230781,4.595714832994164,4.495582540846412,343269002,1892600000
2016-11-24,4.575501057325668,4.57449192644909,4.677214181519796,4.551284421549686,103965930,758400000
2016-11-25,4.579390086421922,4.57431583626624,4.589490193740843,4.5531812601725665,408120976,1682200000
2016-11-26,4.556541792655618,4.57380777916981,4.610479653595068,4.539607202054226,341546756,1388200000
2016-11-27,4.583244964842613,4.574339607897784,4.592622710662594,4.530853184958485,463184058,679600000
2016-11-28,4.567534166345338,4.574822573941794,4.589223688493919,4.552839303615572,424292559,587600000
2016-11-29,4.590335341441435,4.577620945565398,4.641163809152859,4.558945365945237,427202025,541200000
2016-11-30,4.580709917358797,4.5785223579142995,4.633201901817078,4.550034783714176,296928365,601400000
2016-12-01,4.595374039931699,4.579257744760947,4.630882760209828,4.5549544098437655,341241011,1723900000
2016-12-02,4.5522349698410185,4.579622894460602,4.677266175114573,4.5522349698410185,412473249,1441200000
2016-12-03,4.663675643662952,4.581256175059597,4.663675643662952,4.486760378833515,170708897,1631000000
2016-12-04,4.575208877406329,4.582533572567945,4.607054156385276,4.564196831207927,385505894,895000000
2016-12-05,4.591389092131393,4.583211242815995,4.593313439248584,4.473796683475101,174048536,586400000
2016-12-06,4.591150904296935,4.58190658130609,4.653591315218492,4.535666495155646,346723756,664200000
2016-12-07,4.617618064230005,4.582410777649891,4.617618064230005,4.495016841768927,398616777,1897000000
2016-12-08,4.6031071573229925,4.581019185400529,4.6031071573229925,4.516729260168106,434478418,653900000
2016-12-09,4.575446516949338,4.58054335016674,4.629154420751821,4.573629441653992,481798797,1758800000
2016-12-10,4.575663886831969,4.581672278243047,4.6644629452912145,4.5544108287609815,454420925,1142500000
2016-12-11,4.555511702201276,4.582621929756515,4.653808297721657,4.551035884857532,444096124,1998200000
2016-12-12,4.549052973570335,4.581312268190082,4.628157340250478,4.549052973570335,118400960,1174900000
2016-12-13,4.588537268690824,4.581346342303068,4.67643764650513,4.568314407773265,291151900,976300000
2016-12-14,4.567488526138087,4.582444464165531,4.616008184764621,4.513378304240362,401936886,1863500000
2016-12-15,4.545401875617241,4.5827741371385535,4.585190836322339,4.545401875617241,204326701,1891300000
2016-12-16,4.603340260595494,4.584567041809698,4.622757802165181,4.540946590036201,277168972,687600000
2016-12-17,4.555061039068879,4.584579260611248,4.602023522056068,4.540866414521546,487496278,1097300000
2016-12-18,4.594525956621771,4.58734830283722,4.594525956621771,4.584402582326259,438325803,1564800000
2016-12-19,4.574208918118396,4.588389552094803,4.632795042152297,4.557393089902546,361837376,1557000000
2016-12-20,4.596146115050946,4.589895634373116,4.635653196748767,4.569416658285958,394776783,1611700000
2016-12-21,4.602909499700283,4.589713999368668,4.62097301273175,4.534524954382124,322168384,510200000
2016-12-22,4.594328653596281,4.590752999988348,4.646722458199965,4.56113337766267,442654993,1538500000
2016-12-23,4.60473751575563,4.589906740727683,4.668658934708969,4.56532742120348,298577717,1868800000
2016-12-24,4.514389301651012,4.590802097101959,4.626625292009882,4.514389301651012,286115395,556100000
2016-12-25,4.611106316151116,4.590692828850288,4.634350400094985,4.5069345104833465,450227733,1179600000
2016-12-26,4.595947390798272,4.588806131506829,4.606651498104887,4.555947381521469,323101911,1871300000
2016-12-27,4.621948950717824,4.588214624365834,4.621948950717824,4.5707219273933175,471387890,502500000
2016-12-28,4.585736149081368,4.589692193195486,4.600331319315611,4.525261036210078,428029633,934500000
2016-12-29,4.618258659265936,4.5903069766111315,4.618258659265936,4.522533449959338,235207617,1032100000
2016-12-30,4.604538611923332,4.592248414443958,4.629379157280303,4.50031476467408,129599539,782900000
2016-12-31,4.584021281626868,4.592423195500315,4.600377088641742,4.579495683173422,292245028,740300000
2017-01-01,4.591623991826833,4.593938768916351,4.5948284021620065,4.585303939969096,131529243,1876800000
2017-01-02,4.548993508918032,4.594274706965966,4.622516281247707,4.548993508918032,471474302,1126800000
2017-01-03,4.574376119992548,4.5945970238655915,4.646461252509982,4.574376119992548,276812907,1980100000
2017-01-04,4.604563093321115,4.594083029821545,4.604563093321115,4.551301577172375,471194586,1272800000
2017-01-05,4.578107681294893,4.594576377447323,4.66629142664798,4.554076220981607,322860289,741300000
2017-01-06,4.625998593397651,4.594642850773064,4.641900767372818,4.542225852486384,357219681,1054900000
2017-01-07,4.582304885211888,4.59343826798192,4.631599317673665,4.582304885211888,131655808,924500000
2017-01-08,4.616886298358392,4.592606511719814,4.616886298358392,4.533781326874246,289096984,1067600000
2017-01-09,4.579999755414557,4.592637895327205,4.603074959857112,4.5708409351653625,386295978,1330800000
2017-01-10,4.570514965191257,4.593052305594794,4.736772454513358,4.565965932177578,223856727,1658700000
2017-01-11,4.628540250322891,4.594084857622506,4.628540250322891,4.581997774877346,380353669,1928700000
2017-01-12,4.603738062815842,4.593986236293646,4.622386302184834,4.543257022229118,243342733,1909500000
2017-01-13,4.583451798418924,4.594147802064566,4.6647043808456,4.583451798418924,299453375,602600000
2017-01-14,4.5937117277993105,4.595012371828554,4.630307180464162,4.5584288653893825,437914455,903200000
2017-01-15,4.596543071410063,4.596500253428135,4.629745870523485,4.578219303726791,274117191,872100000
2017-01-16,4.575514374804207,4.59487138923063,4.60983064429075,4.565551263687991,130112145,923600000
2017-01-17,4.618268963140956,4.595082544777791,4.618268963140956,4.55596727546346,266015123,1705900000
2017-01-18,4.60881413001689,4.596112546732495,4.656972255401679,4.533873865652878,320015346,1913100000
2017-01-19,4.582741128801806,4.5954151590755785,4.617142832833461,4.493855694132726,482830405,1170800000
2017-01-20,4.564106089521275,4.59534110275023,4.6001281316349445,4.561298409559381,236235220,1519300000
2017-01-21,4.588260161542842,4.595035510788618,4.615170682039583,4.588260161542842,109433079,600200000
2017-01-22,4.605137628064408,4.595863138005796,4.6133518836454765,4.588123881603777,402498450,877100000
2017-01-23,4.6074293870277945,4.594659326608046,4.647808497033539,4.592701066964134,283615841,1964600000
2017-01-24,4.636835138189654,4.596248739948955,4.656436904752852,4.579967910949311,393902925,855300000
2017-01-25,4.637875066822245,4.596323214562773,4.641019623074564,4.538548492092373,203740901,1874100000
2017-01-26,4.615975167737939,4.595812986573919,4.615975167737939,4.568240103598548,459839928,1551400000
2017-01-27,4.602444886158455,4.595633758613278,4.612547609909217,4.590711854859641,252025689,1979800000
2017-01-28,4.605632796208309,4.59675444548379,4.605632796208309,4.574751050329149,107471487,1802100000
2017-01-29,4.626214684897498,4.598356270529618,4.626214684897498,4.59331391089133,218102499,1041200000
2017-01-30,4.585797739509103,4.598702272002735,4.629421707281328,4.55400239202521,385067551,697600000
2017-01-31,4.543559049685079,4.599685417928929,4.601632795813919,4.543559049685079,190653172,1229300000
2017-02-01,4.585445175098899,4.599144479733397,4.661331468649503,4.540965180342559,397456539,1667500000
2017-02-02,4.580804252345688,4.602117385553555,4.6393794703972775,4.580804252345688,333174096,1250900000
2017-02-03,4.579796010675367,4.602810087291784,4.63730187571308,4.480366543909545,296813423,1739600000
2017-02-04,4.632604177238601,4.602738926368945,4.653120317281446,4.5413512194158825,210235698,1211600000
2017-02-05,4.61310150784131,4.601457691198195,4.61310150784131,4.5583724863177935,323826626,1284300000
2017-02-06,4.601683275487058,4.601350071009541,4.6393004756700424,4.579851454986046,218129403,1148500000
2017-02-07,4.570802835562644,4.601380930135548,4.695033038450274,4.565957888219288,429426811,568200000
2017-02-08,4.570704226808694,4.602071237173963,4.60809211046124,4.545459214800269,488431674,1402000000
2017-02-09,4.617941110428784,4.603129047286003,4.640816778822705,4.600144451770562,222170753,1273900000
2017-02-10,4.571546509974076,4.603039902475066,4.635843809492693,4.571546509974076,273589829,1163200000
2017-02-11,4.5624149455892224,4.601604817797511,4.611782216129357,4.5624149455892224,106653688,1685100000
2017-02-12,4.607541368865646,4.602267090523492,4.633630012325266,4.598439164773585,443723315,1135700000
2017-02-13,4.545697098367088,4.60213292450146,4.640377231514679,4.545697098367088,394773020,740900000
2017-02-14,4.596496631869701,4.601999233372216,4.634672608096335,4.57689868856443,380716563,852800000
2017-02-15,4.600346891319364,4.601702616341869,4.658579160744267,4.598312254644273,481548125,1245500000
2017-02-16,4.580693271698905,4.603431298009695,4.6654545023329765,4.580693271698905,158074957,1383000000
2017-02-17,4.631333620930679,4.604669060073892,4.631333620930679,4.6005420795889815,312679833,1132200000
2017-02-18,4.624625427763067,4.604907395724788,4.624625427763067,4.5922497326611715,449743915,548800000
2017-02-19,4.588109745122971,4.606528746626169,4.646661641799721,4.534569542713108,432594268,637400000
2017-02-20,4.643209983740492,4.608315660423991,4.656979521267249,4.51584053633476,491695318,1782200000
2017-02-21,4.609535534518709,4.608864238742524,4.676068508988343,4.593848733050864,198137404,893600000
2017-02-22,4.604479828532883,4.6096355432915415,4.629770359158955,4.577127399885251,249497006,617000000
2017-02-23,4.599710658575713,4.610100802804587,4.619301038433122,4.580951034734735,262325566,1218800000
2017-02-24,4.578833191204932,4.61091522189984,4.706372205656216,4.578833191204932,164218140,1275400000
2017-02-25,4.589771510403777,4.610099337623037,4.619114074881856,4.5783563920719725,469906216,1209500000
2017-02-26,4.6169773041759345,4.6097486131245615,4.631783432202483,4.511104815255975,111632609,558100000
2017-02-27,4.620707650760792,4.607976478041515,4.634433898899368,4.5647692143221885,234362807,1316700000
2017-02-28,4.635920681863783,4.610232146614904,4.6471269663445804,4.580799297451357,342999982,1289800000
2017-03-01,4.576157927643239,4.610526867125564,4.620607208611862,4.506107269646062,369171150,1413100000
2017-03-02,4.598081712383325,4.6105573051792055,4.669693491004272,4.574743648126868,136674456,1986600000
2017-03-03,4.607856639790581,4.612180928045856,4.626349968905585,4.568022165554814,164540325,1562000000
2017-03-04,4.638917023044654,4.611246871566824,4.670958992058563,4.601819710600087,351356132,679900000
2017-03-05,4.606573457452358,4.614037811769091,4.72919805480678,4.521619233577429,377871023,1049700000
2017-03-06,4.638850170116525,4.614091092039658,4.638850170116525,4.603395938881914,132013792,1344700000
2017-03-07,4.613976805870292,4.615503873623288,4.634728018751086,4.547715564584811,228066092,1158000000
2017-03-08,4.6103836378828875,4.614546883018345,4.639214247257428,4.543543806679947,499739607,1550900000
2017-03-09,4.628730509923055,4.615142886215561,4.712063878354871,4.597977289228641,324710579,1532700000
2017-03-10,4.6317317619453595,4.615552239451468,4.645488131305523,4.582979701414202,317363874,1694500000
2017-03-11,4.5930817257317145,4.618384010883251,4.635644088646005,4.551167213382868,138390506,821000000
2017-03-12,4.622310547659997,4.618666591466397,4.645843402609286,4.593168542384535,459655422,1809600000
2017-03-13,4.605732240833349,4.617747189340764,4.634202628669138,4.586184599077547,452938833,822800000
2017-03-14,4.604027542900121,4.617135973586294,4.641141949386338,4.586662953174823,152178070,1753900000
2017-03-15,4.654791428849327,4.618313294957383,4.654791428849327,4.553819781130863,496724310,1826100000
2017-03-16,4.638696321780784,4.619008475023203,4.660838383984769,4.578643111770391,453513579,1191000000
2017-03-17,4.607541037541569,4.62234308684741,4.685694357632745,4.607541037541569,198555191,1044100000
2017-03-18,4.620355153018594,4.6227703863207,4.628111486165947,4.5850508528408795,277636802,1448400000
2017-03-19,4.611036790388058,4.622918122712877,4.704844334536581,4.604641846113419,327384376,860200000
2017-03-20,4.599766638078543,4.620978888860593,4.662116965669475,4.543118087826202,271557022,1327200000
2017-03-21,4.63599394854009,4.621327820418163,4.637859577599205,4.553565036616427,447182386,810200000
2017-03-22,4.619477768565769,4.620483084544047,4.72317412757903,4.591097047757541,411646731,1411200000
2017-03-23,4.629806012462239,4.621792454025223,4.63331762825533,4.599003064873975,126807648,1604600000
2017-03-24,4.658164459767699,4.620873573219393,4.7045710991584,4.609378601372108,487436091,1317000000
2017-03-25,4.598191594373177,4.6214723972048875,4.669310467116293,4.576782768518198,269290295,845200000
2017-03-26,4.598143762496326,4.622775630326989,4.6556463778957395,4.598143762496326,290864624,1914300000
2017-03-27,4.627735988724443,4.62425995625631,4.65150067533212,4.608583840500599,159440637,735700000
2017-03-28,4.6022035501847425,4.626065028755151,4.649217319554627,4.570354698463616,219172144,651900000
2017-03-29,4.654768277747241,4.627499068467251,4.682731527454475,4.598040835149506,292346064,987200000
2017-03-30,4.658601713116796,4.626325550284649,4.703734892402031,4.620399690373755,445197702,530200000
2017-03-31,4.634990341278499,4.626431529741804,4.641318830335469,4.596707746741684,149388772,1117200000
2017-04-01,4.588354779935977,4.627778493809826,4.70846703602564,4.577398980164228,129096044,1015900000
2017-04-02,4.664546370494784,4.628006250626935,4.699274498716019,4.568641182775429,214065340,1015700000
2017-04-03,4.588772592420886,4.628238678812025,4.674819039197751,4.588772592420886,433654693,889800000
2017-04-04,4.600638173790521,4.626542980218162,4.639924144784771,4.573218901958759,473907484,1673600000
2017-04-05,4.659239735007144,4.624840854944742,4.659239735007144,4.573894777299122,113398305,1562000000
2017-04-06,4.600354680448674,4.622401216824411,4.622713778192002,4.523935599147117,483594750,1115400000
2017-04-07,4.640385463266934,4.6251828522784235,4.694481495802065,4.6105570572775845,278217174,1653400000
2017-04-08,4.643862719430162,4.625247580970436,4.643862719430162,4.550048900155289,357178549,990300000
2017-04-09,4.680641083242296,4.6263699681482695,4.680641083242296,4.602085357438131,421904298,683600000
2017-04-10,4.567195236243685,4.626681733723276,4.6422195155342765,4.567195236243685,108684906,976600000
2017-04-11,4.599595748020607,4.627046033182667,4.639873331452977,4.599595748020607,445313690,851300000
2017-04-12,4.590713767025977,4.628047583193232,4.636040814443421,4.590713767025977,411030736,640800000
2017-04-13,4.589363134265962,4.6290289938278235,4.647158363860464,4.589363134265962,102143007,1064300000
2017-04-14,4.630450349984493,4.628769175109191,4.685042404902341,4.623725403527222,193238511,687300000
2017-04-15,4.589765774069769,4.628753100431463,4.630219049072529,4.589765774069769,470435928,932100000
2017-04-16,4.596917100621972,4.629273701046251,4.635673249312906,4.596917100621972,311970572,1439100000
2017-04-17,4.632574460102225,4.630316880032707,4.635154648393019,4.571677688765473,189488897,827900000
2017-04-18,4.660070997746094,4.630503665682052,4.670043011491814,4.607420093189191,487711029,1024900000
2017-04-19,4.62926881238594,4.630671549794809,4.710129893522431,4.616399280418172,359993173,538100000
2017-04-20,4.629074574806409,4.6302758242962065,4.650195690066452,4.5666535943806945,280852442,518700000
2017-04-21,4.6477535119108895,4.632383486794365,4.683474169103843,4.592285676241892,363806900,855800000
2017-04-22,4.637210232842822,4.6322979543523575,4.6849207537211655,4.618406253081725,117504577,1563000000
2017-04-23,4.660868724444201,4.633724429112922,4.676460955184546,4.5804644582080405,424863797,1550600000
2017-04-24,4.638861920383994,4.634890891932851,4.65201167069107,4.615503809671171,295560965,1323400000
2017-04-25,4.63475907383868,4.635727771391748,4.6684512892452315,4.594502068374621,264843440,931200000
2017-04-26,4.589343955223494,4.6355782459364825,4.726540791736199,4.589343955223494,408703046,1105800000
2017-04-27,4.651030164008337,4.636368891245177,4.651030164008337,4.608501594333597,117445798,1388400000
2017-04-28,4.6817714443896135,4.6376595649198435,4.699371298288384,4.605004993359502,373529835,517700000
2017-04-29,4.596200254068834,4.636549243618723,4.662839013524534,4.566860825045439,171679885,887600000
2017-04-30,4.602016092501601,4.6364976013200705,4.665036512136338,4.602016092501601,215989510,660600000
2017-05-01,4.655494624881508,4.637575347966737,4.679072553985949,4.593875645134777,318012250,1954400000
2017-05-02,4.617909729016462,4.6391211775333705,4.653274730768631,4.617909729016462,323015866,1270100000
2017-05-03,4.655243720968605,4.6396321790704995,4.691184575195084,4.629863545712024,146951511,648700000
2017-05-04,4.63233431918233,4.638552742916016,4.67446343343663,4.626504351482026,132303491,516100000
2017-05-05,4.593713300853396,4.638255584071564,4.649762585868421,4.593713300853396,111902612,1767100000
2017-05-06,4.661644372601336,4.639215034443692,4.663972726500455,4.634751619893427,197740422,937300000
2017-05-07,4.652907858132755,4.639650477456784,4.681332105318528,4.578750539994533,219445394,1737400000
2017-05-08,4.672761495266124,4.639705277884883,4.672761495266124,4.611974291115073,389325654,588100000
2017-05-09,4.667114425919501,4.640794976653959,4.731710066740451,4.626480318639625,417379321,947900000
2017-05-10,4.639536387152811,4.641752899389026,4.650066015324973,4.606852678813898,444438114,1458200000
2017-05-11,4.646132911957041,4.642055894551244,4.687673351608649,4.576232686192578,328151430,1856800000
2017-05-12,4.64591661956614,4.641807447042108,4.677052791926157,4.63165507021178,261131922,1895400000
2017-05-13,4.5948556612040825,4.643493446813457,4.662312555960986,4.5948556612040825,219618170,519800000
2017-05-14,4.684141971343191,4.6455077294412614,4.684141971343191,4.6292148282163375,221869500,1595400000
2017-05-15,4.656969165731376,4.646306372527638,4.722546134215558,4.638804306482056,381081678,1971900000
2017-05-16,4.637696821092943,4.645916709349382,4.6960762036098584,4.60748407558236,231387280,1361600000
2017-05-17,4.667504094669874,4.646214376477313,4.671073425044731,4.552432572411834,180390901,1047300000
2017-05-18,4.6864238109735465,4.647246805005832,4.6864238109735465,4.545988497447625,405141230,533000000
2017-05-19,4.6562021942840754,4.649499435415025,4.673332691071426,4.583567377966235,231786770,1626200000
2017-05-20,4.631511709808989,4.6493561615800685,4.719542490983536,4.623378572231934,147938956,1318300000
2017-05-21,4.656330612836455,4.650601634080821,4.699913853412599,4.649250028573708,178075447,1274100000
2017-05-22,4.633658132499773,4.65058949519179,4.669512589110911,4.555409558861032,250537287,742700000
2017-05-23,4.660224205831215,4.6508299669201305,4.695985097541914,4.644438858242169,229937343,1162000000
2017-05-24,4.674533726963441,4.649969024007218,4.674533726963441,4.633304086802709,204810727,633800000
2017-05-25,4.647220175488202,4.650115997907614,4.72026166324923,4.602180822312029,327370139,1817100000
2017-05-26,4.6430648817329185,4.650608547060127,4.702958902610707,4.638598358004907,118427373,905900000
2017-05-27,4.653026070236424,4.65220329786088,4.706673751510559,4.624861183917608,132586350,721000000
2017-05-28,4.651357509694824,4.652454787698961,4.675620787506775,4.635948484851646,493309665,751700000
2017-05-29,4.620138576366943,4.6527123751721335,4.6802193065990565,4.564629460934219,487655042,1590800000
2017-05-30,4.644041624240255,4.653433008451185,4.686280989834402,4.644041624240255,208639595,1627800000
2017-05-31,4.683078921606272,4.654063551855739,4.683078921606272,4.648818037605985,342483390,1738600000
2017-06-01,4.6940183733061955,4.655048981771673,4.6940183733061955,4.651595680633987,471253358,748400000
2017-06-02,4.680543284076707,4.656117044284185,4.698369056548282,4.638811156729175,469569384,1757000000
2017-06-03,4.6081395658147235,4.655781227121349,4.6995300880339475,4.6081395658147235,242723355,1347400000
2017-06-04,4.616923634484832,4.655773335019009,4.704860066020697,4.61647850981658,343293579,1151100000
2017-06-05,4.661658683870488,4.65691782838312,4.6645032052865325,4.629615600427241,312177668,1956300000
2017-06-06,4.608825080176586,4.6551893535836415,4.689495695374704,4.602910977038823,366987431,1628500000
2017-06-07,4.655396496470121,4.655129592551661,4.673061501315319,4.612942350244605,253674201,650600000
2017-06-08,4.610135437156992,4.654513104956366,4.709696204031425,4.610135437156992,107588282,1102600000
2017-06-09,4.64865173467802,4.65538143926261,4.68668820319157,4.635691445954491,339653420,1642800000
2017-06-10,4.688114223229206,4.657235584004662,4.688114223229206,4.627331641572406,237924143,1593000000
2017-06-11,4.6813454305357585,4.656926240960956,4.6813454305357585,4.6304735156136045,352195684,1107500000
2017-06-12,4.634531082789304,4.656099007701226,4.667214197455032,4.634531082789304,203911731,1576500000
2017-06-13,4.651074943968004,4.657451559965116,4.668503250632958,4.599170536048782,498754687,1555300000
2017-06-14,4.692975020906028,4.658040103303989,4.710796690085587,4.619850621170437,121800755,930000000
2017-06-15,4.645964963727747,4.6596605220769,4.728499234153077,4.576860618105845,322281062,1791200000
2017-06-16,4.594343191756065,4.659576921699164,4.727612090049523,4.594343191756065,385982392,1701300000
2017-06-17,4.664070643761377,4.660892536126881,4.687906781450298,4.634872446330694,390695746,1709400000
2017-06-18,4.6547733400928655,4.662127510407743,4.700390143328178,4.647436593467687,294641208,1477300000
2017-06-19,4.698318649160925,4.662833377498944,4.699215901418293,4.593951515466653,353676521,1464800000
2017-06-20,4.696565656448529,4.661281270495997,4.696565656448529,4.574723351654887,416760045,949700000
2017-06-21,4.677368013966714,4.662809601920488,4.75309505674318,4.647698999457483,437763641,728800000
2017-06-22,4.639032060986822,4.661418552248104,4.672594248838591,4.629307714460957,142633884,1435800000
2017-06-23,4.698289188932769,4.662964185438875,4.698289188932769,4.522238951680257,468117828,605000000
2017-06-24,4.6888747093835015,4.663723571310024,4.704691600004392,4.663493973568395,442893643,1201100000
2017-06-25,4.681675877870379,4.663559391285343,4.683138302425337,4.65971373372539,278893694,844000000
2017-06-26,4.6513194300015845,4.664835978293029,4.715247584871676,4.61911487517285,317345338,1544200000
2017-06-27,4.648987627698629,4.664890377402805,4.689074106659227,4.648987627698629,268872278,1455100000
2017-06-28,4.638531992488231,4.666063252745354,4.6791218520255,4.6324777320234105,224116949,1045600000
2017-06-29,4.633627710987393,4.665937369754124,4.78057300994962,4.633627710987393,437050656,1290000000
2017-06-30,4.637885991643358,4.66609675167087,4.681263178424432,4.634318433127993,255497060,789100000
2017-07-01,4.642191299829008,4.666312289958467,4.738488551880682,4.642191299829008,234079561,979500000
2017-07-02,4.66785262352216,4.667456117338211,4.6816641639068335,4.61713403892123,250852139,851200000
2017-07-03,4.6399361277766555,4.66774432200318,4.701665739591915,4.62458347793113,317978680,1638400000
2017-07-04,4.665936810167702,4.668347229441026,4.749286756022086,4.6648475321997,485096672,1583900000
2017-07-05,4.693265251427233,4.669989117721729,4.74456399317572,4.613066571232668,418288630,1278400000
2017-07-06,4.6999788376219795,4.670357832980555,4.6999788376219795,4.667511412899191,229966712,1019600000
2017-07-07,4.678305561302172,4.670479048601918,4.702545792866302,4.657693379436218,400316294,525500000
2017-07-08,4.62246784024084,4.6709461384885,4.733920647791,4.62246784024084,484568991,1201300000
2017-07-09,4.648312388774571,4.671095550990351,4.682673236646767,4.648312388774571,274453235,1772400000
2017-07-10,4.68013896180729,4.67141900145417,4.739802250404223,4.6608988210198605,313675014,933400000
2017-07-11,4.7275363566244435,4.671546747941559,4.727547827860344,4.602393074895901,413052684,1629600000
2017-07-12,4.6358425010951265,4.671991595069314,4.6762633310338675,4.6358425010951265,148608196,1188600000
2017-07-13,4.690458617579669,4.6735921542451155,4.690458617579669,4.553767403889245,128214286,1049500000
2017-07-14,4.6644215211378715,4.675021515367065,4.719312539086837,4.582119762272545,271272965,606300000
2017-07-15,4.697737475085652,4.675182277727108,4.697737475085652,4.571906217882383,439181938,1727400000
2017-07-16,4.646097355091473,4.674437305808774,4.701555281170297,4.646097355091473,284873563,1518100000
2017-07-17,4.655234015907412,4.675956773805163,4.7514881097128665,4.652687215115635,312631248,1055400000
2017-07-18,4.675246480429026,4.6771365961585545,4.689052732804728,4.669801054576448,205880351,1755200000
2017-07-19,4.696394643910511,4.677393885648231,4.713681036600004,4.6484329787338075,451802868,1957100000
2017-07-20,4.7271453732259205,4.678443985574786,4.7271453732259205,4.670324397152881,398377823,1211900000
2017-07-21,4.67631011284182,4.678501068664159,4.733236378828621,4.666850993501109,319094831,1807900000
2017-07-22,4.671432636305757,4.678829257254396,4.69679817560768,4.59172660175837,124314837,1113900000
2017-07-23,4.663202979885122,4.6794020398968454,4.6900778393960145,4.626114622847018,405426664,1875300000
2017-07-24,4.678925756975406,4.68210645395321,4.695956551546995,4.635513539833737,418612264,571600000
2017-07-25,4.674716072816252,4.682890489691677,4.695230690389698,4.674716072816252,233919694,1478000000
2017-07-26,4.669235310502835,4.684445148610099,4.748080724220125,4.666086578593265,303927774,1882600000
2017-07-27,4.657108634448598,4.683986957356281,4.692784947550905,4.633509188874174,290958360,1060800000
2017-07-28,4.663870807461542,4.683864537113625,4.7269961306159045,4.617784524916521,280013627,978300000
2017-07-29,4.667689073699912,4.686719779712689,4.69519737856236,4.628471494939177,266894021,814900000
2017-07-30,4.737939747931608,4.687954099750086,4.737939747931608,4.658787648395969,470486624,1181700000
2017-07-31,4.686611163200355,4.688494721463269,4.700448829396222,4.678594352372249,346886658,1040700000
2017-08-01,4.688964536340895,4.688031739873685,4.729423963297955,4.665055200133647,265369115,568800000
2017-08-02,4.699370837073486,4.688996051302371,4.707262835916946,4.64940945799731,158566790,1115000000
2017-08-03,4.685295303789608,4.690242436214153,4.708900795463577,4.6488866813051795,143988508,911500000
2017-08-04,4.6932496169209355,4.690069096648621,4.7166128335078215,4.6404557558567525,222985029,1638900000
2017-08-05,4.711650178055857,4.691688115209238,4.7715254361120945,4.601003930265671,409700510,1303900000
2017-08-06,4.68618400114596,4.694071931950828,4.71712342942237,4.68618400114596,446967483,572500000
2017-08-07,4.7087480872394725,4.694638968862378,4.722501440654936,4.685148167254324,498215972,1146000000
2017-08-08,4.725382004163149,4.694476566086404,4.725382004163149,4.624716904419479,261898570,576100000
2017-08-09,4.689079194805672,4.693022144089272,4.741620809761904,4.6586096186850305,419741939,1305400000
2017-08-10,4.673377740370786,4.693509540435355,4.83403523620799,4.672912848228729,280369141,801200000
2017-08-11,4.681091326488186,4.69354425146472,4.724627688795303,4.6675105858544015,157249200,762300000
2017-08-12,4.700825723890997,4.69472561584844,4.744599273258885,4.690555260279017,427524431,1689700000
2017-08-13,4.680205682251835,4.695074391424479,4.718352642638856,4.674832394460422,171158650,746400000
2017-08-14,4.747068203044638,4.694742009159838,4.747068203044638,4.677970423232389,307818626,535900000
2017-08-15,4.7141663709198145,4.696146766447391,4.752083417249909,4.670597844799738,162975877,1880300000
2017-08-16,4.713590471868182,4.695355793360355,4.739905187091427,4.664157599546018,182009268,1370700000
2017-08-17,4.691943886815854,4.6971617161403385,4.716684256570629,4.641374803440885,457228870,891700000
2017-08-18,4.71016623869447,4.697047271835546,4.71016623869447,4.677710310810623,431618306,1476700000
2017-08-19,4.72865793832221,4.697536501060816,4.754417669101769,4.6035248523115175,356133370,1909600000
2017-08-20,4.720625119416317,4.69632690717503,4.720625119416317,4.669609907395583,360490911,764900000
2017-08-21,4.7118379336045475,4.6974016793331534,4.738000028353868,4.586364293364598,344392409,710400000
2017-08-22,4.68618507503779,4.698087472563714,4.729813703097587,4.607117359187396,451299562,1685400000
2017-08-23,4.710359732527606,4.699417624572546,4.720129401746116,4.647583846718029,168174550,1829200000
2017-08-24,4.664501426565298,4.700426800494071,4.740177154899173,4.664501426565298,379268829,1302400000
2017-08-25,4.705188843675943,4.702595081994902,4.731515953534857,4.6965420336037464,483249122,1326700000
2017-08-26,4.7267092012457494,4.702840082547798,4.7267092012457494,4.628629336925683,453529391,1428200000
2017-08-27,4.697148147991383,4.702837633952343,4.8110030614734205,4.685420700101006,439383757,1640300000
2017-08-28,4.675734789925857,4.702286764517341,4.74191363893418,4.675734789925857,377822433,1905800000
2017-08-29,4.700182485231655,4.702110205278218,4.706168133942219,4.644453425566869,441707882,1685600000
2017-08-30,4.696365327797174,4.70197159233702,4.764470250726423,4.651912972083076,496348979,1509400000
2017-08-31,4.689606423205517,4.703107014007377,4.714722893053715,4.688273271960392,341517029,1863400000
2017-09-01,4.717072464358508,4.702897928797402,4.743897306524768,4.651419325682993,191801907,536700000
2017-09-02,4.7044533509119315,4.703952222819793,4.751792281985447,4.663673058183705,239965582,714100000
2017-09-03,4.656979501382978,4.702695502992768,4.706560548608242,4.656979501382978,429534781,1740300000
2017-09-04,4.664952397780125,4.704189389336658,4.723662819803909,4.662696900117455,399479646,1717100000
2017-09-05,4.6977724336759925,4.70466359420223,4.720790287146927,4.672579419504671,264778880,990600000
2017-09-06,4.722053950322123,4.704502461694605,4.785457966442445,4.673248094160044,144521364,1197400000
2017-09-07,4.700051031178583,4.704134628629572,4.725502784599793,4.671008887383312,295315731,610600000
2017-09-08,4.694030940370749,4.704753703512772,4.725595900273739,4.637174238692755,382683126,1790900000
2017-09-09,4.66659885890885,4.7032272005881435,4.775927152306575,4.631426779121135,212329357,1125100000
2017-09-10,4.699191222893272,4.704700181609027,4.721517350657527,4.669697023409625,412546469,1719900000
2017-09-11,4.711694114521407,4.706180939912447,4.7255559037044845,4.625533610128126,270761026,804500000
2017-09-12,4.737559092120579,4.705661447448454,4.737559092120579,4.688620721115098,159959705,1362700000
2017-09-13,4.6946555997888195,4.705293750759047,4.735408963923563,4.663559883476372,358505442,1761200000
2017-09-14,4.712885524992769,4.70381180952412,4.712885524992769,4.668480864192631,454571436,1953400000
2017-09-15,4.726933002707846,4.7053563070663635,4.726933002707846,4.677807923801189,483895040,642500000
2017-09-16,4.710524817073402,4.7070593519967305,4.724802493892689,4.6684202570584326,262631334,1095000000
2017-09-17,4.69168052369671,4.707801112764381,4.771207724029657,4.691168789538473,490454449,1623200000
2017-09-18,4.663178659952752,4.708413353208811,4.716710701012572,4.663178659952752,457367989,1131000000
2017-09-19,4.772991612658232,4.709545789951462,4.772991612658232,4.656146983478678,211177345,686900000
2017-09-20,4.725968453799458,4.711230044097751,4.792035748695363,4.708698946298073,356672176,1673700000
2017-09-21,4.693834616827355,4.713905977070058,4.781641745681471,4.693834616827355,147171931,1624600000
2017-09-22,4.6575273215822195,4.714902828533699,4.7383885014445815,4.6345006775616255,393643787,1344600000
2017-09-23,4.705555961187472,4.715302023661642,4.815116253444889,4.642143605334956,286498996,1972800000
2017-09-24,4.728323750512764,4.714930440099755,4.768849497559576,4.690460113261619,495437220,818600000
2017-09-25,4.701469969040048,4.71508937111572,4.720912340551899,4.674776628825071,284895432,849900000
2017-09-26,4.713979319406517,4.717486292636801,4.7712498182330485,4.656864166407749,215035614,1289700000
2017-09-27,4.674839558910312,4.717960880795058,4.75034954698449,4.674839558910312,374076921,1358800000
2017-09-28,4.725267762058709,4.716427610483978,4.747503625264768,4.664314151699618,421567807,904000000
2017-09-29,4.771253317908164,4.7168838924518255,4.771253317908164,4.704137649143402,241009217,1657000000
2017-09-30,4.731292985100171,4.716222111182191,4.787092793644974,4.698976235740498,437246451,1755200000
2017-10-01,4.655608986624241,4.7154130419654186,4.762639046967951,4.655608986624241,217842898,1706100000
2017-10-02,4.752541261262329,4.717455080030172,4.752541261262329,4.625699713151787,258088141,669100000
2017-10-03,4.678528671680886,4.71855344816334,4.755561235571655,4.6560168955676975,149025336,1196100000
2017-10-04,4.722064904719381,4.71869970670438,4.738903309511254,4.6776284927735245,434824706,1102200000
2017-10-05,4.742118588343368,4.7192339932375535,4.79315632222901,4.719126209679644,456682070,1479900000
2017-10-06,4.7087989121532745,4.7193363010370195,4.76312678628739,4.699462929952582,223428897,1332800000
2017-10-07,4.716986424556154,4.71930419851142,4.8043152572138,4.70340931947944,398535729,1466600000
2017-10-08,4.720182908278551,4.721448635398275,4.747336121825264,4.65264404730445,287563783,1082600000
2017-10-09,4.6625628905916665,4.721465517700088,4.813616388519356,4.6625628905916665,217063183,830800000
2017-10-10,4.742256796840645,4.721527563229946,4.753540026184067,4.709844775730322,178209378,1251900000
2017-10-11,4.732700819860371,4.721906247206363,4.820349790364705,4.7112914843533735,181804297,914100000
2017-10-12,4.7278023438212085,4.721990906374674,4.764070094245834,4.689222610621068,144828177,768800000
2017-10-13,4.745179644473078,4.721543501455224,4.745179644473078,4.7142186612471075,304572733,1318500000
2017-10-14,4.741664487742346,4.719533030103268,4.7502161002127,4.67676683520386,339040545,1942600000
2017-10-15,4.7094258501782225,4.720543366193825,4.756978982418879,4.70672060961779,499900656,1871800000
2017-10-16,4.670120861704022,4.7201324480572255,4.798062021861397,4.670120861704022,367338339,1986700000
2017-10-17,4.724076161865721,4.721145849335331,4.778116425705677,4.697517334979104,412303487,594100000
2017-10-18,4.726395557451366,4.722265804373301,4.761680752415891,4.712878726325163,431272292,873600000
2017-10-19,4.690568171149387,4.720574695381736,4.7546826398381805,4.690568171149387,241833035,839900000
2017-10-20,4.682801020757819,4.720442438265971,4.7775350832860095,4.682801020757819,283395965,1377000000
2017-10-21,4.745463225092908,4.720710713247241,4.855822591232952,4.680206235736458,485426327,1903500000
2017-10-22,4.722327057052832,4.719526022397773,4.798287991560849,4.703376709704043,314652614,683600000
2017-10-23,4.721830587173159,4.720974021753449,4.7798518331712225,4.652940025517447,357789784,1896000000
2017-10-24,4.744573117543626,4.720395393861824,4.744573117543626,4.651469791313938,305828649,1894600000
2017-10-25,4.7400317277206705,4.720061300261087,4.757824350436514,4.6827495920823266,256294332,777500000
2017-10-26,4.698398721429256,4.7210760638384475,4.794292230114508,4.657733988068628,106767047,1880200000
2017-10-27,4.707596971287417,4.722433832069577,4.760317747395018,4.702849388637738,276450657,1756100000
2017-10-28,4.74612306564605,4.722251481691288,4.757621991540311,4.65914242146502,394264294,1648100000
2017-10-29,4.773380047789553,4.723843709733203,4.773380047789553,4.652689538454301,286393127,662200000
2017-10-30,4.70008135780536,4.725761182060453,4.769200629231256,4.663746948715917,350002893,1134400000
2017-10-31,4.729400570644679,4.728532816901619,4.732154503725962,4.7212698396800725,382011558,1180600000
2017-11-01,4.731050075819431,4.72963803602081,4.738754289634868,4.680638495313452,294604315,827400000
2017-11-02,4.71113358959509,4.729263636151511,4.792035625023412,4.673440757205998,145503984,1328900000
2017-11-03,4.729689075397774,4.727671533321142,4.7335186118399495,4.71988348617967,367484909,940300000
2017-11-04,4.747518318515575,4.729402276598479,4.761298673583726,4.63792803866354,473010634,1796000000
2017-11-05,4.736224032674111,4.729449707207,4.7704492743911,4.727021421928014,112489315,1807100000
2017-11-06,4.75183548085017,4.731073576273473,4.837092416738308,4.697052178489406,458814509,835100000
2017-11-07,4.728481436865259,4.732544243367798,4.767996442308244,4.67491514776348,409764809,553100000
2017-11-08,4.711369791165708,4.733388373764842,4.734250229564493,4.711369791165708,182142288,540000000
2017-11-09,4.727228285496286,4.732325505954949,4.782513676040795,4.703060793093583,423940267,1260200000
2017-11-10,4.7390759922106325,4.732687793025854,4.7390759922106325,4.649302861465201,261609791,1425300000
2017-11-11,4.732941965181342,4.734291519751493,4.757880710013748,4.730726570019646,204940914,502800000
2017-11-12,4.7184719431219415,4.73529095331985,4.769564326510201,4.711366531035764,385325398,911600000
2017-11-13,4.740291127583192,4.735198095452589,4.769971424588164,4.71296587238761,454199387,740800000
2017-11-14,4.695757307224002,4.73701709097848,4.791457411954729,4.689784966331973,492406678,745300000
2017-11-15,4.750335750046018,4.737156250240898,4.7787031114267435,4.689573686537105,147710949,1603000000
2017-11-16,4.722912770634102,4.736549070206462,4.7423773006545815,4.722912770634102,277675606,1029300000
2017-11-17,4.728238040540046,4.736282802312718,4.810129687357494,4.682626205042607,434092199,1559400000
2017-11-18,4.725617967987693,4.737167492862195,4.754517799392625,4.722304231269077,457927662,1501100000
2017-11-19,4.696098271895366,4.737207107322734,4.768289626034954,4.696098271895366,483689953,1148700000
2017-11-20,4.77321839831189,4.7373741141471575,4.77321839831189,4.71974200332918,288199041,1963600000
2017-11-21,4.727730001476895,4.735962761997886,4.745528973608339,4.70767394556095,102434360,728700000
2017-11-22,4.742625054058419,4.736964064543126,4.7499929735931765,4.695915857209054,275493667,919800000
2017-11-23,4.733857874635079,4.7376798158706555,4.737866715663441,4.720755673377926,362134743,1796500000
2017-11-24,4.740851234468285,4.737682695564832,4.751339567608189,4.713459273339238,485619491,1947700000
2017-11-25,4.737957843553766,4.737975890433291,4.773171302742623,4.699228756245162,422844743,1995800000
2017-11-26,4.740769374351208,4.739655715120641,4.79083725404818,4.738358961027599,238335857,548500000
2017-11-27,4.730936079468281,4.739937514076029,4.8626400906757095,4.6733678493432285,154184968,1570300000
2017-11-28,4.759258176409328,4.741571512187539,4.759258176409328,4.738483133151922,406087650,766400000
2017-11-29,4.782966392277199,4.742436258081499,4.797146601506064,4.725852751550292,215924360,554600000
2017-11-30,4.71366632671535,4.742562182016014,4.8137106159596526,4.669678389101669,227807460,1147900000
2017-12-01,4.761003322717588,4.743274273258678,4.79511598842835,4.714480358117345,238708972,993100000
2017-12-02,4.765373125490732,4.7437387196860765,4.765373125490732,4.712053687903617,204734212,607900000
2017-12-03,4.743344502583008,4.745589850951133,4.764468095359894,4.682933847507377,359135351,1692700000
2017-12-04,4.742844158043083,4.745304959534456,4.7851863908748,4.742844158043083,236295233,1932900000
2017-12-05,4.74591927394382,4.745558305103835,4.753739474277841,4.739799338768545,322277645,1344200000
2017-12-06,4.700906124101539,4.746031048105865,4.812628951037849,4.667911363818975,246462672,906800000
2017-12-07,4.723474176535513,4.747874581065222,4.749391791704084,4.719674711609934,437496043,782200000
2017-12-08,4.7356067094147525,4.747158456423122,4.7875665938189105,4.7356067094147525,300314626,961100000
2017-12-09,4.734610246672412,4.745934585412976,4.779830971618783,4.734610246672412,384964260,1454700000
2017-12-10,4.746871937555228,4.746976753492386,4.755622218549334,4.721005646854441,495538717,1316800000
2017-12-11,4.748791055061776,4.7487861764581885,4.845572403508506,4.684929574281487,227123842,1109400000
2017-12-12,4.748312829104085,4.747432226929183,4.792820227922151,4.723482597316019,246401297,1260000000
2017-12-13,4.7236175402245655,4.748004782873438,4.7530472004830315,4.712721068188695,421972076,1232000000
2017-12-14,4.790403109430337,4.748962839646465,4.790403109430337,4.7107535377563226,119996070,1037400000
2017-12-15,4.750386835513852,4.746237862370285,4.814467637854595,4.694061474091483,471792654,1040900000
2017-12-16,4.745705180882065,4.746658797957926,4.759787290675809,4.705344563799255,340097789,1425300000
2017-12-17,4.702912336472349,4.747768049515611,4.807762175347542,4.702912336472349,124006875,664600000
2017-12-18,4.740737738571424,4.748254342570217,4.818540248814709,4.692478353228141,379689081,1651700000
2017-12-19,4.691771451346145,4.7497630602924445,4.850384635602477,4.691771451346145,318120619,590000000
2017-12-20,4.760888499717074,4.7506133792075005,4.808825656132375,4.729225972512472,218873973,1356300000
2017-12-21,4.712152323694188,4.75098897666651,4.783318850079847,4.689511139590185,437397853,700100000
2017-12-22,4.726155190199956,4.750697498291362,4.759238936837124,4.724144408767434,177092285,698500000
2017-12-23,4.76334067563379,4.750288312374598,4.76334067563379,4.735659232234959,369996273,1769700000
2017-12-24,4.708795576261352,4.752328161190978,4.843842066084875,4.708795576261352,243575714,1213900000
2017-12-25,4.767192487929411,4.752335858301929,4.77587812406762,4.740977292368655,155396708,1389900000
2017-12-26,4.756507330809863,4.754331660977102,4.758352889834893,4.7510258767815206,213650474,1276300000
2017-12-27,4.7100905961032655,4.754348073879075,4.806639264147574,4.7100905961032655,364574496,777100000
2017-12-28,4.750164241504035,4.754917604634873,4.809941870518051,4.722151388940733,371690470,562900000
2017-12-29,4.724362475863615,4.755696929593313,4.802362815598942,4.678041803080964,488335722,866700000
2017-12-30,4.744389439092137,4.756577200122056,4.7586224143278155,4.660278663856004,285709786,592400000
2017-12-31,4.730491441913315,4.757878106506983,4.791169567270118,4.730491441913315,426600074,1747400000
2018-01-01,4.742253777546478,4.757624823959781,4.786239517002043,4.67477398160288,479436672,1979300000
2018-01-02,4.759161144651484,4.758519955584628,4.759483065397637,4.735930670949412,304392633,1154600000
2018-01-03,4.763406615217921,4.75873023445556,4.785680015401649,4.686335104514137,136021275,739400000
2018-01-04,4.7807363791233355,4.757458162844036,4.7807363791233355,4.751405359340463,195352254,1396100000
2018-01-05,4.761285154867603,4.75823178633855,4.765682267323136,4.7536446332518185,226867739,1970900000
2018-01-06,4.7521142520167325,4.757353604992462,4.772657219591881,4.720107007008968,246528201,1528200000
2018-01-07,4.791330320112548,4.7561017902541725,4.8188189526962235,4.749688603035328,493207903,1671300000
2018-01-08,4.768555255998595,4.756807164549946,4.768555255998595,4.697038917358856,470035061,1146300000
2018-01-09,4.789590038711561,4.758933494738324,4.843403468825219,4.7367873490415,437356023,1913700000
2018-01-10,4.7675928624319655,4.756827085961036,4.7768267569510465,4.745760738447371,430479965,1453400000
2018-01-11,4.74357749066938,4.757565971149698,4.823120849663906,4.6992693718370795,188711303,1546300000
2018-01-12,4.762480220601502,4.755981404478041,4.812886292135573,4.752476820862628,223389773,1232700000
2018-01-13,4.7730443837765675,4.757373987632949,4.773915041779213,4.741051865724622,306320291,1492100000
2018-01-14,4.717403591346862,4.758826009583451,4.836533940612128,4.712551764687303,335130332,1603800000
2018-01-15,4.768435939579937,4.760002884704712,4.848359476789056,4.758932797781433,140130664,783100000
2018-01-16,4.7633900392862385,4.762777811194055,4.792658316263339,4.71825230361105,364339851,623000000
2018-01-17,4.767356868923022,4.763687548357214,4.830126988337828,4.711766355213487,421477179,1325600000
2018-01-18,4.728245275110949,4.766265347085977,4.793222224644611,4.718048255398185,349631081,1183500000
2018-01-19,4.782775834496159,4.767145758052556,4.782874619713087,4.751425872430045,188770450,1533000000
2018-01-20,4.78591368904959,4.769109587451925,4.823305987020401,4.767852319148033,472378553,1279000000
2018-01-21,4.755995723480887,4.76959228352185,4.803476288052808,4.755995723480887,310463769,1714000000
2018-01-22,4.762387580108362,4.771577569365175,4.784150010799634,4.762387580108362,170701793,1155600000
2018-01-23,4.784992310318652,4.77148559779956,4.840301686489013,4.733621221179692,330026759,1917500000
2018-01-24,4.748138882695893,4.77006616767649,4.792280166330762,4.748138882695893,417810181,792400000
2018-01-25,4.79137837758557,4.769545602560706,4.79137837758557,4.74338055924089,393477501,931200000
2018-01-26,4.75344343280481,4.7710327397469365,4.773007857186478,4.685020452085884,274540646,1536300000
2018-01-27,4.784782313197996,4.771600487392217,4.847835870979041,4.734576056830326,385547098,757200000
2018-01-28,4.756426860102034,4.771875518978238,4.776741028585498,4.707251358870474,232122886,1137800000
2018-01-29,4.766177297079451,4.772902573450607,4.811474063692801,4.736506588025524,475442064,1191200000
2018-01-30,4.776597842942274,4.774318332023831,4.83392073405398,4.691693524878973,496307040,781800000
2018-01-31,4.7931951145723355,4.777221865690517,4.818486447824238,4.682281406633577,125967473,525000000
2018-02-01,4.770769568346634,4.777761517631151,4.802378594127409,4.758135714746085,463508070,1290700000
2018-02-02,4.78726789983761,4.777495888579529,4.8618954962297405,4.70081245978328,431960097,1781100000
2018-02-03,4.807954677544362,4.777712594123062,4.807954677544362,4.7686983333290165,322708791,1556400000
2018-02-04,4.754056936317175,4.778126942139629,4.781969099768729,4.744600104076508,302809185,509100000
2018-02-05,4.7510949823597,4.779804210524806,4.807343602577163,4.720918548877677,376386056,1361100000
2018-02-06,4.764693088509296,4.781358892267928,4.827659641947546,4.756557174056487,287936968,1272800000
2018-02-07,4.756464900556012,4.78045950325317,4.841958195420205,4.7491589708506,167833614,1050900000
2018-02-08,4.794385563290426,4.7814917427898465,4.8292991031118015,4.731192172854068,375672188,1860400000
2018-02-09,4.7977765864057815,4.783446905768302,4.840132219015322,4.7548711131738495,443930924,1933100000
2018-02-10,4.7710257434554135,4.783888389937859,4.793945687501356,4.732270151960588,243716086,774800000
2018-02-11,4.739163372342173,4.784093427105225,4.791471099799777,4.739163372342173,421315040,1369200000
2018-02-12,4.810034176984307,4.784741477208582,4.910737049807389,4.782063155485572,237175059,1975600000
2018-02-13,4.7891850958447675,4.7854257811980165,4.827077446215912,4.748398029054175,148945027,1861400000
2018-02-14,4.802794305924155,4.787054001119446,4.875416219416486,4.667121667852114,476904478,1596500000
2018-02-15,4.75648614617018,4.787174897564092,4.839055729195408,4.75648614617018,487919063,1930900000
2018-02-16,4.754425793959061,4.787864102376965,4.832108745914824,4.754425793959061,256150942,1259800000
2018-02-17,4.776958834328166,4.786721431615528,4.819861501415651,4.7622428045766085,388849504,1787800000
2018-02-18,4.811922512014524,4.785466798541326,4.811922512014524,4.749855517747725,466737688,848400000
2018-02-19,4.796134300156123,4.784105170835634,4.802716674398866,4.761662731014403,163130767,1512500000
2018-02-20,4.772176775262313,4.784297652983043,4.817067206344309,4.772176775262313,218972111,1352000000
2018-02-21,4.798464404233495,4.7848750111637735,4.866319752254155,4.711544003703315,201964559,631300000
2018-02-22,4.775110132567468,4.784958991176859,4.795321485879932,4.717218973039464,445273699,1579800000
2018-02-23,4.792230459966929,4.787014456990892,4.885936229101202,4.770281708623438,185329027,1442900000
2018-02-24,4.777421024236809,4.786402079492168,4.846056832713697,4.744543177583406,367667168,1088800000
2018-02-25,4.820419122749233,4.787379205157737,4.820419122749233,4.772562804669331,441745681,1784100000
2018-02-26,4.788595032229644,4.788455501507704,4.797413855165727,4.738766008271522,496236047,509200000
2018-02-27,4.799083858117981,4.788817541779424,4.817617984841946,4.770944680050761,321241621,1365800000
2018-02-28,4.816715339982248,4.790529837127607,4.816715339982248,4.744606351262389,322642633,1113800000
2018-03-01,4.789664946961405,4.790794315276017,4.801618454268191,4.742158858936166,101198555,633700000
2018-03-02,4.805150000343781,4.791831403539426,4.83252839206986,4.776422061667787,425343869,782200000
2018-03-03,4.756789750846701,4.7927631183178665,4.828200352937806,4.756789750846701,443781363,1668800000
2018-03-04,4.79034491530086,4.793734926413427,4.83499587969391,4.786040619576109,479682504,1947700000
2018-03-05,4.804639709503124,4.794467587980512,4.811928908998767,4.752533325911687,167483190,1049000000
2018-03-06,4.766786929937261,4.795058996181658,4.8240637956775485,4.674457917244852,259420191,1844800000
2018-03-07,4.768990662259401,4.797495969586032,4.8263991395657735,4.763743417617639,490647955,1369700000
2018-03-08,4.813671848188169,4.798731615596301,4.813671848188169,4.763142483825195,212031669,555300000
2018-03-09,4.834445483045017,4.798876589827575,4.8430193018025856,4.78683906556727,369781336,1582500000
2018-03-10,4.782519429728661,4.798657352778952,4.798663284847894,4.742691902248543,424895648,1916000000
2018-03-11,4.775798398881059,4.799905026608237,4.870781705919355,4.669404113154799,120722783,515700000
2018-03-12,4.761915654828302,4.80090906645959,4.812302134733797,4.761915654828302,375659057,803800000
2018-03-13,4.779919314571844,4.800428323072882,4.823036547833421,4.7660303778078275,338889626,628700000
2018-03-14,4.801261481395681,4.80034896903087,4.843887451700558,4.776929039768722,351738691,705300000
2018-03-15,4.760589711822667,4.800921995044632,4.821181809935531,4.7310669780845815,362523278,625600000
2018-03-16,4.798091321485632,4.801227723282436,4.8313108772978195,4.782960709400708,175191747,1130600000
2018-03-17,4.8085648435702275,4.802415332105395,4.8423901816845065,4.763521821785413,294985871,1014800000
2018-03-18,4.80120346677335,4.804243365782463,4.836992113595894,4.80120346677335,111931870,1776500000
2018-03-19,4.764868326346118,4.804665367469108,4.877547404054545,4.7562233780747825,458988665,520300000
2018-03-20,4.812371946915334,4.804575690405734,4.868971853429834,4.799333838463225,352169506,694500000
2018-03-21,4.8147666279980745,4.806736516610784,4.824686521987887,4.7976972870139,168499184,1848000000
2018-03-22,4.789311577756624,4.805670123574783,4.838027542722177,4.75485842239892,206051795,1263900000
2018-03-23,4.811790866555944,4.804210853120324,4.83456647547573,4.797320834671313,293680217,1761200000
2018-03-24,4.8008283789420885,4.8042666793604445,4.806789333058948,4.8008283789420885,248150635,1588200000
2018-03-25,4.8065299213556285,4.804975264654932,4.870261511979233,4.7594718220571055,323421627,1127900000
2018-03-26,4.792445895567659,4.8055656361885735,4.8422804776958515,4.753111800409127,271809480,584800000
2018-03-27,4.834905722338739,4.805348077395696,4.834905722338739,4.712452860747711,103676693,614600000
2018-03-28,4.8046575092468276,4.804256904028046,4.8540422474957,4.704165385854716,169488498,1115000000
2018-03-29,4.777868938407217,4.805649055828097,4.8493478154518,4.777868938407217,117630896,697900000
2018-03-30,4.822578454926665,4.805691235571554,4.8625806423345015,4.761116392660036,167999953,523500000
2018-03-31,4.835932711813111,4.806842857542322,4.835932711813111,4.7749048414531075,207555876,743900000
2018-04-01,4.808028662802215,4.808790116454137,4.815771189513589,4.746865680417515,433823373,1591000000
2018-04-02,4.803921052662416,4.809394115032412,4.809456606381606,4.743571050097568,474565889,1974400000
2018-04-03,4.756971565229073,4.809103398700906,4.923531224746267,4.756971565229073,148390165,1321700000
2018-04-04,4.893895087391436,4.809683189801885,4.893895087391436,4.760754186825177,439441132,1949800000
2018-04-05,4.814068364953806,4.81155842581903,4.830923031545907,4.807060470600104,373043339,1711100000
2018-04-06,4.8293465453458,4.810851483681044,4.8378810504214504,4.793607850284156,109264848,1845900000
2018-04-07,4.80969007771254,4.811963595347904,4.827184899477511,4.808510514830071,129577782,1397500000
2018-04-08,4.807214470680089,4.8126550875210965,4.837056395328941,4.807214470680089,472362116,1718300000
2018-04-09,4.821555556412877,4.814101254212406,4.821555556412877,4.782053066505796,175975005,1590500000
2018-04-10,4.794945556568034,4.8138374098066965,4.851517210979258,4.794945556568034,210294160,1581500000
2018-04-11,4.7879627879825115,4.813258902735655,4.8485709162280175,4.777558988563569,107676513,1093500000
2018-04-12,4.771179071274531,4.814261519560898,4.826685104254488,4.771179071274531,201541084,959600000
2018-04-13,4.826792117799494,4.813229832389314,4.842709488858213,4.789580678860072,486557088,1873100000
2018-04-14,4.793950948560445,4.814454806670992,4.865280724941893,4.751311469676677,339312037,1485800000
2018-04-15,4.7922625463497175,4.814120058892797,4.858096694990254,4.7922625463497175,399496626,1836400000
2018-04-16,4.812326871414287,4.814325791608972,4.826990139996426,4.764156094243778,293349116,616900000
2018-04-17,4.816390566382326,4.812655031011084,4.83132190386951,4.783073533218124,144739069,1944400000
2018-04-18,4.85956107548049,4.81330233044372,4.85956107548049,4.771693586899712,480544467,1513400000
2018-04-19,4.854345979362241,4.814968606242587,4.854345979362241,4.755821083897491,192026576,1388900000
2018-04-20,4.82300560486517,4.816285591112849,4.837449801125868,4.742975898742659,344488901,1772400000
2018-04-21,4.8441797900192105,4.816943573673154,4.8441797900192105,4.810994558362879,154049427,1551800000
2018-04-22,4.789565677660174,4.817371635112824,4.873569816087746,4.765634857379407,230413109,1334200000
2018-04-23,4.847394156783578,4.81907312947554,4.878625867120881,4.744623248249425,215496279,1605700000
2018-04-24,4.8254629368793225,4.820700144765519,4.8558874470164,4.7454601429096535,148860010,1305200000
2018-04-25,4.847169710790459,4.821211927638003,4.87035750320626,4.799202815194271,446836844,839800000
2018-04-26,4.856534503078494,4.823338118215666,4.887560402208699,4.7784420582479985,114708349,1540800000
2018-04-27,4.861272915972936,4.8230681141833385,4.89259548856236,4.784831791553688,314088288,588500000
2018-04-28,4.82059062134956,4.8231189818708495,4.874090982239546,4.798668296552553,421723680,1367800000
2018-04-29,4.856049468658063,4.825358353477164,4.856049468658063,4.791839562997961,482421956,1281500000
2018-04-30,4.769303813927005,4.824999743618979,4.856939776287375,4.766284528008028,103555412,1896700000
2018-05-01,4.797919881740972,4.825897027660956,4.83272021417182,4.797919881740972,319006253,1590200000
2018-05-02,4.801675331471411,4.825732905243644,4.826922996051101,4.769878440569478,457054442,1392900000
2018-05-03,4.829167710798745,4.82627227966952,4.829167710798745,4.799535145456112,297862226,1071200000
2018-05-04,4.836920912938936,4.826726054530795,4.8555740444331486,4.761981371744567,306504533,1186400000
2018-05-05,4.863246405646577,4.827570020071635,4.887253694998512,4.775489048029571,426721703,871100000
2018-05-06,4.820855478054054,4.827579058811999,4.850340384134438,4.795112458369549,370235267,706200000
2018-05-07,4.809677025260765,4.829793311300985,4.875296761561596,4.809677025260765,412511024,1479100000
2018-05-08,4.80564155119576,4.831037027863002,4.84890285206378,4.80564155119576,494881799,765900000
2018-05-09,4.802348971380743,4.833308857928296,4.894274253496469,4.802348971380743,148788246,1791900000
2018-05-10,4.845030760374055,4.833935519094829,4.950964544667222,4.733627094449712,131027807,1676700000
2018-05-11,4.831661475987863,4.83457011317206,4.847015518071286,4.815180944866876,255104949,1246500000
2018-05-12,4.858747541672461,4.8342027044385585,4.858747541672461,4.793263701964148,450327937,1300900000
2018-05-13,4.840067700616764,4.834717086508282,4.840067700616764,4.824179396935326,269992753,1488000000
2018-05-14,4.84639768323841,4.834513869230608,4.84639768323841,4.822784984553468,320831624,1935900000
2018-05-15,4.822750378579636,4.833828488340673,4.933725919554738,4.799497703103571,344394744,1234600000
2018-05-16,4.809315363253665,4.83539482918376,4.859248123289674,4.809315363253665,449525406,1659400000
2018-05-17,4.842191984576728,4.836204705601479,4.852183785541196,4.832698917591284,386509063,1278800000
2018-05-18,4.85049092969356,4.83417699891071,4.86484550898484,4.794487436220677,399402901,1253100000
2018-05-19,4.813956890633698,4.8348454409752915,4.8421382702162665,4.813956890633698,160909276,1345100000
2018-05-20,4.812351469435138,4.8347555311674455,4.871923080012298,4.812351469435138,463484823,500100000
2018-05-21,4.814859158917639,4.834246796566802,4.872757386816417,4.814859158917639,314744527,1762900000
2018-05-22,4.803886574104519,4.832989234301412,4.882726010630073,4.7583326581139005,229763969,1202400000
2018-05-23,4.7950340121472586,4.83432160859226,4.896148213122476,4.7950340121472586,408371804,685100000
2018-05-24,4.807029222702147,4.834407279091684,4.883415022338818,4.788288033220936,184708374,532000000
2018-05-25,4.862957240374531,4.835123415440371,4.890985017727116,4.7548965044548765,407140505,789700000
2018-05-26,4.881074175304991,4.835647254217581,4.881074175304991,4.747866434180141,322918880,1009700000
2018-05-27,4.828644450715463,4.836947194413048,4.888199312923281,4.713245347914023,380387880,512800000
2018-05-28,4.803961317183542,4.837983350196783,4.855283320641322,4.803961317183542,272843315,1156100000
2018-05-29,4.837775781671981,4.838014980021442,4.907689774531877,4.802361627025048,469412799,1205000000
2018-05-30,4.832129692605668,4.838045967901721,4.850147256787106,4.803994665701943,115730068,1498700000
2018-05-31,4.884699121052452,4.838582068585505,4.884699121052452,4.813330199470952,142981042,1889100000
2018-06-01,4.827403712398188,4.838333478291601,4.84790779405419,4.8200523554559584,112546518,1383600000
2018-06-02,4.835494743648772,4.839036728497589,4.887865941442122,4.791084308864477,462611705,1900700000
2018-06-03,4.8349641339813765,4.8384537282927536,4.881850366529871,4.787205519622113,278152654,1208600000
2018-06-04,4.851360604657385,4.841812184413431,4.86784488338645,4.828100884146049,238080695,1776600000
2018-06-05,4.859476300090378,4.8414109465381365,4.927548828038931,4.832098794029528,474040057,1125200000
2018-06-06,4.8898070584015985,4.841675961554155,4.8898070584015985,4.756688228967087,350748780,1483200000
2018-06-07,4.837898112986294,4.842617892373705,4.875050025682489,4.765440317827495,125758417,638900000
2018-06-08,4.827262040418631,4.842417891939648,4.872312915610564,4.800484900261905,211564479,508000000
2018-06-09,4.86368026779282,4.843572450051743,4.893618904091615,4.801781929160026,444259620,1470500000
2018-06-10,4.879789549855568,4.844280593283158,4.925288226495502,4.808642753970811,417800402,1789300000
2018-06-11,4.817857249448075,4.842925815524408,4.853354279906618,4.817857249448075,496260383,1484400000
2018-06-12,4.80135653643822,4.844464255708671,4.8487532618212255,4.7193363679782445,413475032,1858300000
2018-06-13,4.850039646265238,4.8471423667555396,4.914553459255403,4.777074069198743,130034539,645800000
2018-06-14,4.818347937876872,4.846847268481581,4.854850829694914,4.764092635347893,101140151,1612000000
2018-06-15,4.886495807887937,4.847963425321219,4.886495807887937,4.80493743461056,115011642,1468000000
2018-06-16,4.865874898963986,4.848859377334582,4.878640447242231,4.833728608132007,119182507,1788900000
2018-06-17,4.867609988010273,4.849634113359252,4.890408892243508,4.813736722241828,357211306,1147900000
2018-06-18,4.852978361477398,4.850055786218837,4.871776418589099,4.7850097699116025,174411235,673700000
2018-06-19,4.834046139201928,4.851114290885564,4.851350035611416,4.834046139201928,215144527,703800000
2018-06-20,4.87800550763493,4.851624976072691,4.924438293810642,4.833926693100587,398785490,819800000
2018-06-21,4.834045219449091,4.851663929582807,4.879628806813876,4.814818746081407,224537727,1301600000
2018-06-22,4.817052902670309,4.851655036303272,4.895062833936513,4.817052902670309,291382566,1212000000
2018-06-23,4.8818575117124725,4.8530433536051785,4.8818575117124725,4.844295152468029,180931580,1034600000
2018-06-24,4.906662847598826,4.851903328563254,4.906662847598826,4.807031028348489,343503574,1845300000
2018-06-25,4.881480433885846,4.852131632344141,4.9140852976192955,4.8347074104689405,352321150,807800000
2018-06-26,4.8316117628259985,4.8548018686998455,4.8607836377458105,4.815683929361839,158124399,1429000000
2018-06-27,4.842856138686718,4.856001190445214,4.908141631753959,4.791077044952986,222608278,1568300000
2018-06-28,4.831843070987422,4.855680457803317,4.862984268911352,4.77490498829317,243371648,1871500000
2018-06-29,4.853667025914198,4.856595090932213,4.859445384914122,4.779735236358157,108508256,874200000
2018-06-30,4.878783131764529,4.857350514297769,4.878783131764529,4.812638044077543,318096550,1926900000
2018-07-01,4.90087760025677,4.857687684867808,4.90087760025677,4.8284581456854285,257240264,871500000
2018-07-02,4.912127324457275,4.858365149929912,4.912127324457275,4.837747991525304,363423991,1129700000
2018-07-03,4.9077535473974585,4.858069564250465,4.920169762908412,4.852708458845773,357839954,1518200000
2018-07-04,4.843302958149324,4.857161971859392,4.875604276486332,4.843302958149324,326347263,1304400000
2018-07-05,4.853259433953962,4.858492330728052,4.904307402525959,4.829933752780579,259510359,1724200000
2018-07-06,4.872384888520057,4.860040417994057,4.91577924975035,4.844951520060157,233941779,1187400000
2018-07-07,4.855377282618941,4.859336121406788,4.864253219612846,4.781835239544577,112967364,1706900000
2018-07-08,4.82253358072758,4.858492785983905,4.934166608916662,4.82253358072758,457161376,1441900000
2018-07-09,4.840514044650713,4.858173280871796,4.88753907866834,4.840514044650713,338754627,712000000
2018-07-10,4.810283699261432,4.859200436039994,4.959168987031971,4.810283699261432,303577725,1286800000
2018-07-11,4.8749451828104915,4.859517354467564,4.91381266192679,4.8199333221938705,289255414,1402200000
2018-07-12,4.883169190408177,4.8587150822622105,4.883169190408177,4.7801942356138625,321345436,1001300000
2018-07-13,4.8354451292167635,4.858461200226541,4.95183515231278,4.8354451292167635,170360844,1883500000
2018-07-14,4.8533430989997575,4.859154145500812,4.90987406249895,4.8533430989997575,423978276,873400000
2018-07-15,4.875607739115124,4.858739435632528,4.909726642046271,4.840694392841837,296460129,1454600000
2018-07-16,4.8302796342342,4.8586449599358295,4.895138432083346,4.797332401295108,161655797,1034300000
2018-07-17,4.856507758408811,4.858401195312043,4.891299208696601,4.831566774814519,338637638,1629000000
2018-07-18,4.869521468853974,4.8581923633790405,4.903429434901984,4.848658283019647,227755830,806600000
2018-07-19,4.886953032066885,4.857834671636944,4.886953032066885,4.792880093187767,472018912,1470200000
2018-07-20,4.883864256320818,4.857425565104621,4.908247395364551,4.828881382021855,426329915,1978700000
2018-07-21,4.868976751589912,4.857875049618794,4.996967262118254,4.848987778682286,287221835,867200000
2018-07-22,4.864151705409181,4.85832970080503,4.9116127744280735,4.834098286488382,435449699,1057300000
2018-07-23,4.863151919978602,4.860489569425647,4.955056502941824,4.83080180353024,110365171,996800000
2018-07-24,4.850157712652629,4.860163110077964,4.861278521307089,4.816159222973785,469186269,1157600000
2018-07-25,4.860867701506763,4.861051727376123,4.927232970132292,4.860867701506763,277705818,762000000
2018-07-26,4.857490548155876,4.861313389487145,4.917792226561936,4.855528099106395,147007345,531700000
2018-07-27,4.9038125642599315,4.86284334340217,4.9038125642599315,4.772082020500497,119067200,1321600000
2018-07-28,4.925027633245577,4.864130454938652,4.925027633245577,4.847564549836276,108199681,1136200000
2018-07-29,4.872621478001511,4.866222776299587,4.95015053107251,4.824300073389428,328676720,1184500000
2018-07-30,4.848891098168743,4.866447195821082,4.877729025067104,4.848891098168743,371804937,1842500000
2018-07-31,4.886839672860162,4.866841160378339,4.922768927218262,4.847852613679246,176374761,1489900000
2018-08-01,4.938185469674439,4.866911441190479,4.938185469674439,4.8024858847067495,471951752,617900000
2018-08-02,4.855539318857728,4.867278553677004,4.898789707094791,4.824613044924877,168362333,1230400000
2018-08-03,4.837294044227712,4.868905434881852,4.872475688314582,4.837294044227712,145074951,1026500000
2018-08-04,4.906354597019143,4.869646022071098,4.9149847892395755,4.865453383923709,242992800,1556400000
2018-08-05,4.878543272972214,4.871440586551436,4.959624899117343,4.833919602141341,445130855,1514200000
2018-08-06,4.85519569570867,4.872804833180142,4.986124543974186,4.847484236050826,379645592,1454700000
2018-08-07,4.916341016734084,4.872843278364989,4.932223639977514,4.870430940028876,401367519,1720300000
2018-08-08,4.866141619139885,4.871768224674126,4.889577392290935,4.770867958597168,444879510,1395100000
2018-08-09,4.8657180805811855,4.871116017118732,4.987156438559954,4.83852432519119,161261734,1383900000
2018-08-10,4.884166486470656,4.872444039278771,4.904111336310647,4.865438889679853,398678389,1969100000
2018-08-11,4.857531120529955,4.873616105166589,4.896984484619566,4.8514390809945604,494796444,1238600000
2018-08-12,4.845290493209002,4.873036295310273,4.930751161554893,4.845290493209002,446823177,1465600000
2018-08-13,4.9205981350713826,4.874024850746627,4.93808372614685,4.797444400291262,210531369,1234300000
2018-08-14,4.851315675672169,4.875948981506771,4.88839891225215,4.801946639919598,191552493,1504500000
2018-08-15,4.866765185400197,4.8778880154121484,4.9663330526539955,4.866765185400197,424286773,531400000
2018-08-16,4.926838462845077,4.879001497608804,4.926838462845077,4.870965423682672,133108817,798200000
2018-08-17,4.901613218896089,4.8791783739004355,4.921480600160281,4.83123653177398,112436283,1134100000
2018-08-18,4.825826538692975,4.878416964079075,4.902144044965029,4.825826538692975,178582438,1753800000
2018-08-19,4.914000419886693,4.879601942444305,4.94713507996668,4.86167761019423,303052866,1310000000
2018-08-20,4.900108577883133,4.878372876822584,4.906548168398016,4.872764858480782,353591090,1215000000
2018-08-21,4.93731486857608,4.878703141383549,4.93731486857608,4.781343828792049,186778982,1207800000
2018-08-22,4.885780893832922,4.879184245306588,4.896088469228999,4.835741234664864,485138380,946400000
2018-08-23,4.872033589116279,4.88124923828046,4.9031756349693785,4.872033589116279,100456780,1794900000
2018-08-24,4.907820385421528,4.881541428361882,4.907820385421528,4.879401501104247,352411813,614400000
2018-08-25,4.875699821579773,4.880210245252076,4.930099814414754,4.835588869405998,165139032,1069200000
2018-08-26,4.8637746701543545,4.881227546216876,4.903057375062931,4.801404524345612,306337562,1703300000
2018-08-27,4.895681190438808,4.881537347005375,4.985795011366209,4.850563199062197,494269578,1995300000
2018-08-28,4.893034367913578,4.879980878786333,4.922705370735504,4.852350802963109,407471035,1002000000
2018-08-29,4.862985879191019,4.8791099617548666,4.972681712604209,4.862985879191019,207398695,1427000000
2018-08-30,4.861310477559941,4.877979439336076,4.909990854721296,4.823355988514302,130290079,647400000
2018-08-31,4.859571045727019,4.878563882308171,4.8880301890627225,4.859571045727019,484389617,1387900000
2018-09-01,4.864457935869629,4.878562454390926,4.894894305193634,4.843876199890179,200536933,1421300000
2018-09-02,4.8995676771602055,4.879421956808589,4.910273014479596,4.864629301845333,328954351,1705900000
2018-09-03,4.846979798706329,4.88032437346972,4.909534975128692,4.846979798706329,228796964,748200000
2018-09-04,4.928911436064623,4.880682902953263,4.941964958299808,4.802879962434773,400162472,636200000
2018-09-05,4.876307512217561,4.880396581841887,4.8867577082211575,4.850487301609881,375902300,775100000
2018-09-06,4.921336014133902,4.879811616070416,4.938984176388377,4.840351433322361,169111607,1119100000
2018-09-07,4.920182576011385,4.880271163158695,4.920182576011385,4.869281594943305,235086934,1372800000
2018-09-08,4.883505527198595,4.882728723437528,4.886027162209217,4.869922653941829,428712806,681700000
2018-09-09,4.8405717574563845,4.882411581748745,4.975835946775302,4.8107960018992495,411515025,1812700000
2018-09-10,4.867927493174714,4.8836639566009445,4.901470939337399,4.805506979788371,304299923,504400000
2018-09-11,4.889180851701928,4.886259613056748,4.9182542326325915,4.827410430076029,259707406,1962500000
2018-09-12,4.885258952590778,4.887307442698741,4.888050841670547,4.863284759355161,362732990,1657900000
2018-09-13,4.9167747400011566,4.888378210754369,4.941104929739097,4.8467963850652716,260317497,1348300000
2018-09-14,4.888562743263747,4.887466632338875,4.891302425421253,4.764190123812144,488178069,730900000
2018-09-15,4.879125866749873,4.888700591513809,4.89544454109052,4.858341146217143,383872424,1521000000
2018-09-16,4.869723377543966,4.8885060081952165,4.9121239903541465,4.825659825842641,269312938,976000000
2018-09-17,4.920733545252717,4.890623701266902,4.921072913766163,4.8872363757693735,318017028,536800000
2018-09-18,4.849141091619197,4.892115176119748,4.929127649793662,4.849141091619197,361439189,1500700000
2018-09-19,4.909481210852653,4.890964858326458,4.938863138169089,4.813693015953701,496142543,735100000
2018-09-20,4.941662692188074,4.891236794279208,4.941662692188074,4.837848771877193,199479911,1596200000
2018-09-21,4.9142864946968885,4.893226938227711,4.917473988924859,4.8034704933908,415662897,1891900000
2018-09-22,4.901505253800065,4.8934634302619155,4.901505253800065,4.8578941986233835,163892259,980000000
2018-09-23,4.8483949103199935,4.893015681932001,4.9476048138941895,4.8483949103199935,247298415,1654600000
2018-09-24,4.9521351011554176,4.893331492924357,4.9521351011554176,4.833386741049231,131852285,1221000000
2018-09-25,4.919373040495804,4.894657634260354,4.989941802930562,4.850768253530228,426300215,1251300000
2018-09-26,4.869565818369361,4.896156590751746,4.933348995752096,4.869565818369361,367590302,1125300000
2018-09-27,4.847101440890285,4.897928641570423,4.959840719308703,4.847101440890285,260516755,1833300000
2018-09-28,4.876376369444115,4.898996195763822,4.915350042419792,4.876376369444115,220992553,1664900000
2018-09-29,4.913039885308573,4.900917141081875,5.070695922486572,4.883942173702821,206992234,1067400000
2018-09-30,4.885055248593412,4.901326944877433,4.924084380491141,4.839775178374878,235744848,610800000
2018-10-01,4.921098551573077,4.902853993755643,4.939740230568277,4.884847172088325,494615368,1921000000
2018-10-02,4.874821847793269,4.902058036242468,4.920987798077142,4.837065132314935,325623286,1999000000
2018-10-03,4.895170162244124,4.9005532336516096,4.9449730035215556,4.889754826562599,306242120,1327800000
2018-10-04,4.863527606726526,4.901684410094307,4.91179310479237,4.849735865920685,145944794,762500000
2018-10-05,4.905272222912663,4.902612573607762,4.926776180096452,4.897999035799879,116114737,836500000
2018-10-06,4.910680072356259,4.903272937512355,4.980057011868108,4.870316803766675,284457163,1656500000
2018-10-07,4.889727955989187,4.904307013029602,4.926893191667863,4.814159158147694,202752533,1263400000
2018-10-08,4.874145425150713,4.903107802254801,4.913230461631343,4.846718829461814,282023459,605500000
2018-10-09,4.890858966644729,4.903012492436043,4.978721533427115,4.890858966644729,153866697,1480400000
2018-10-10,4.9368948698447985,4.905124577678475,4.972720733024075,4.823120540406316,230053181,703300000
2018-10-11,4.901837831844064,4.905645366739142,4.961962955320817,4.843674457680682,329960583,1781200000
2018-10-12,4.8963986759799445,4.906216853602412,4.979557712039341,4.892961160230659,347222986,579200000
2018-10-13,4.956712257199256,4.908265116386679,4.956712257199256,4.84008642405929,449547911,1871600000
2018-10-14,4.957278728000704,4.908827260668584,4.957278728000704,4.889936383432516,195722624,1996900000
2018-10-15,4.9184773011722625,4.908868121670448,4.932573630969251,4.872843090527524,325832580,1251600000
2018-10-16,4.85918368949998,4.910055649647519,4.9571192128430415,4.855980981372406,405824924,1500000000
2018-10-17,4.895474964072551,4.910416963231326,4.965458855488847,4.895474964072551,350290983,1171600000
2018-10-18,4.94947294958165,4.910534956190379,4.94947294958165,4.895031879473643,207152801,1024900000
2018-10-19,4.895213665785038,4.912939059717755,4.989893567697379,4.895213665785038,406398148,1637300000
2018-10-20,4.896473998184316,4.9135693640334575,4.984538174907593,4.8923291915393765,279865529,685700000
2018-10-21,4.931509386081216,4.915159677450708,4.950034622027829,4.881901552625614,438976449,1761100000
2018-10-22,4.920819650907891,4.917304076606196,4.92455619048181,4.85764432548573,154543440,955200000
2018-10-23,4.922614024213076,4.9175110345546384,4.9934157853968,4.893187565902697,376888508,1373000000
2018-10-24,4.960087766983511,4.918408566214373,5.013529814931913,4.897532506977947,419112795,1483000000
2018-10-25,4.927179947184566,4.91835726941954,4.999965485587398,4.727530791194233,322559319,536400000
2018-10-26,4.979022517455763,4.919816236327525,4.979022517455763,4.879858817278523,100698667,1530500000
2018-10-27,4.897984616130335,4.919080046584311,4.968763878887417,4.870043506444522,213105225,1908400000
2018-10-28,4.964098488006972,4.919765275942938,4.964098488006972,4.906769605989293,461968737,1230100000
2018-10-29,4.860271053712276,4.918125094488556,4.948710653415592,4.860271053712276,270759203,1590400000
2018-10-30,4.892583305391372,4.918809847037901,4.986897101109808,4.875017270098995,318531354,1540200000
2018-10-31,4.927994504471386,4.9192017794347676,4.969778320379662,4.847554638462343,328006355,1170200000
2018-11-01,4.912345645119047,4.920567081384248,4.985100501374116,4.867575731359378,202401293,1903600000
2018-11-02,4.936390503711483,4.920059700816298,4.955589819373304,4.904310832998774,252753666,1429700000
2018-11-03,4.889545173604682,4.919946280776705,4.931764346163806,4.839864920327825,210986367,1406700000
2018-11-04,4.961035156920229,4.919136387512749,4.961035156920229,4.876558605405104,237528905,1349600000
2018-11-05,4.9132883145015,4.919787578866157,4.9261525883116555,4.8733293041812775,160609996,981900000
2018-11-06,4.967871160760466,4.920656285613513,4.968383623348639,4.7838316419265805,376164363,1918400000
2018-11-07,4.915323762966068,4.920945212697637,4.92626907908467,4.9006791195301584,277104684,897000000
2018-11-08,4.890386357672491,4.921430962286442,4.994035846319686,4.890386357672491,328257587,1926400000
2018-11-09,4.896596346468303,4.922020009602222,4.978386320690644,4.8875577272504565,192242542,1504900000
2018-11-10,4.893058514199271,4.922523691153373,4.944131416365583,4.893058514199271,205424423,1961000000
2018-11-11,4.928970618580503,4.923317608308656,4.9408644688004,4.91485976458712,129883868,1034700000
2018-11-12,4.926062746092481,4.924607386728083,4.961456894702067,4.864809262533744,183787181,1725900000
2018-11-13,4.923976042399589,4.924286596642943,4.9440080534418485,4.8900923291042515,383068805,1273800000
2018-11-14,4.897576848170205,4.925324774214614,4.9516585398319615,4.89323615728459,377942717,1339300000
2018-11-15,4.922237879841953,4.926329229016866,5.000138242249908,4.89005841669494,264158850,725800000
2018-11-16,4.990388523456424,4.928227316629975,4.990388523456424,4.927784547430109,326816272,1811800000
2018-11-17,4.936565071556229,4.930263308191284,4.966062544685077,4.873257183561515,245571383,1277100000
2018-11-18,4.900727289038999,4.931048698261364,4.959871198587682,4.879256772649321,323399067,683800000
2018-11-19,4.902505286891338,4.929765779542307,4.9753664287918085,4.883140965771703,160299207,1328200000
2018-11-20,4.93778001392214,4.932067843410322,4.947255662358476,4.8987528141908045,351248876,1794100000
2018-11-21,4.958244642665101,4.932592938102354,4.958244642665101,4.921129657978933,158077394,1225000000
2018-11-22,4.967877560145266,4.932645842887264,4.967877560145266,4.821330621335285,363172254,1084100000
2018-11-23,4.910524445639497,4.931404329534156,4.971007025576712,4.863160884589253,340794983,681800000
2018-11-24,4.939134751000718,4.932432447279339,4.947449629445782,4.861181106535858,315195566,784000000
2018-11-25,4.930756366016852,4.931645255179545,5.014541676530964,4.847277833644167,172841549,1787400000
2018-11-26,4.943939947111596,4.931251605314045,4.979626915361835,4.855829136571741,485481174,1685500000
2018-11-27,4.964807652094345,4.932539755678704,4.964807652094345,4.872452056112061,276769518,1630000000
2018-11-28,4.987848850572444,4.9346376037691115,4.987848850572444,4.900276716170982,317933468,707900000
2018-11-29,4.969520444098189,4.936193604178524,4.988637098160619,4.835935545592653,258873765,758000000
2018-11-30,4.914000898569103,4.9371825198911345,5.001757693424935,4.914000898569103,411789919,946600000
2018-12-01,4.96094702715892,4.93777478448599,4.96094702715892,4.917109262637746,385751775,1290100000
2018-12-02,4.961252465686219,4.938235009451619,4.964453862263387,4.898873419804698,246185652,1623500000
2018-12-03,4.925110520805946,4.937756616238319,4.97392452586757,4.925110520805946,382858706,1623500000
2018-12-04,4.958345196530027,4.93679578951463,4.958345196530027,4.900856191473327,265032548,566500000
2018-12-05,4.961130208084815,4.938029901099599,5.011986708537828,4.908981566894333,149071342,1665100000
2018-12-06,4.929761142561143,4.9380251260423895,4.988438124259536,4.929761142561143,324106136,816600000
2018-12-07,4.933757037169116,4.939587608518319,4.978165999656773,4.933643405102127,471234881,1103200000
2018-12-08,4.901768801916872,4.941901894305368,4.9446220308680875,4.901768801916872,229588430,901300000
2018-12-09,4.951624860536707,4.941523593258814,4.972593597889482,4.914179570610109,139263357,702200000
2018-12-10,4.979712211613326,4.939998287103603,4.992264720309162,4.927217990985634,450847010,1346400000
2018-12-11,4.950758201426028,4.940782972814008,4.998365339987539,4.883926885576069,198795065,1318400000
2018-12-12,4.937552201026685,4.941162232978281,4.972411865038678,4.8931723948842825,304303615,859900000
2018-12-13,4.944054278600477,4.942333647472178,4.9449497599212755,4.879703878753003,158321385,1921700000
2018-12-14,4.904924858412604,4.940992233983939,4.982867578534517,4.887230933975666,433828070,846000000
2018-12-15,4.922486328856689,4.941486758562771,4.94359674891797,4.9186497453858316,160042297,1407100000
2018-12-16,4.972403401398918,4.941536851946352,4.972403401398918,4.851865332242993,491278368,1049500000
2018-12-17,4.960546440065712,4.941970121298551,4.977150814325284,4.937908800386142,401494951,749200000
2018-12-18,4.939354655664041,4.941577963352184,5.001002076908717,4.936637699673943,138138329,772400000
2018-12-19,4.952123642774463,4.941883304286562,5.000706992945315,4.89179303073266,338265650,1391400000
2018-12-20,4.947054327648544,4.942626452971273,5.013636177850238,4.90220564808918,456427730,1044500000
2018-12-21,4.926902978259432,4.942244074323047,4.953840949385967,4.92245519767967,389912255,718100000
2018-12-22,4.932216313025414,4.9427348706081435,5.005977163375543,4.918344518764939,144767685,511600000
2018-12-23,4.945526452520081,4.944468383165091,4.9843384993115505,4.890674489258367,203732342,1132900000
2018-12-24,4.961413832162462,4.945392113077279,4.987602187714188,4.928973161854219,109611738,1982500000
2018-12-25,4.963651472971318,4.946218710930661,4.963651472971318,4.9072477259035265,498832956,723700000
2018-12-26,4.9804450995410265,4.946514723282948,5.005175029062842,4.920876124116786,486188609,1586100000
2018-12-27,4.899349966921823,4.946956256984511,4.968323070373886,4.899349966921823,126013185,1499000000
2018-12-28,4.928154798448733,4.947546065493985,5.031950679425035,4.928154798448733,388831198,1142200000
2018-12-29,4.991891017970038,4.949174341470366,5.010657934005802,4.875798770576256,478458192,1262700000
2018-12-30,4.933603976170917,4.950177930059075,5.007809786271564,4.9326276345542555,424518162,1447400000
2018-12-31,4.914748892533312,4.948837454029434,5.0383445471552735,4.914748892533312,180820460,1145400000
2019-01-01,4.932651112259474,4.948569206921435,5.018993698494361,4.871121471946548,418986631,1185100000
2019-01-02,4.942639618702944,4.949501751567758,5.075125009118207,4.893735652066601,440121523,763400000
2019-01-03,4.938111946120249,4.949435245010883,4.981993772488531,4.859034033356868,484731571,1398200000
2019-01-04,4.98489513363743,4.950942194976926,5.005508541225861,4.907122181328457,236946435,768600000
2019-01-05,4.920112399174688,4.953167942105004,5.00298431455542,4.920112399174688,379463173,1978000000
2019-01-06,4.9415555030281775,4.954705757639294,5.004757422951815,4.936561855752482,482949815,653000000
2019-01-07,4.9541130765763155,4.954742605705208,4.975055425426632,4.9164464704210324,302242146,963600000
2019-01-08,4.941230056512416,4.954006780421847,4.98543031600552,4.937020866843063,375678538,1470300000
2019-01-09,4.9322035344252,4.954735696663528,4.967277931055534,4.927926399143385,195739159,604200000
2019-01-10,4.997943720300742,4.953916841431585,5.025673447672045,4.931542868929545,404370088,1962900000
2019-01-11,4.958576549681727,4.954886674600693,5.011274419440982,4.8997573455956935,402674917,1312100000
2019-01-12,4.922270253757097,4.954436921305966,5.018822560527568,4.843819683305981,291310175,1094200000
2019-01-13,4.970212300716281,4.955700690633242,4.980414764609698,4.9017712293203,227194155,1628000000
2019-01-14,4.968504657981389,4.955841281335467,4.977108063161575,4.949804739198104,484769409,998500000
2019-01-15,4.949495646754382,4.955633579287602,4.981640182542557,4.938625081932087,329256358,1239700000
2019-01-16,4.984183649790423,4.955480656713502,4.984183649790423,4.901942749840187,236280932,1259200000
2019-01-17,4.922099346427013,4.956315535515974,5.053494752761503,4.896135288931109,321476130,1624200000
2019-01-18,4.98043787888618,4.955472221354833,4.98043787888618,4.899056978950338,429700160,1456300000
2019-01-19,4.929355895240554,4.956514661018379,4.97361595816001,4.892965558571441,418841337,1169700000
2019-01-20,4.937085468438558,4.9579637852332406,4.991553523352914,4.933330247503779,182531512,1433600000
2019-01-21,4.946219872364012,4.956924164389189,5.073823805289739,4.946219872364012,191125179,1398500000
2019-01-22,4.938592333480641,4.95894984625876,4.977394062720431,4.93780414037787,348854776,1035400000
2019-01-23,4.9687922461602305,4.959561852497166,4.994828055494785,4.9193931404644955,400785432,715900000
2019-01-24,4.965724030473051,4.959751751890747,4.992762288715004,4.953905981301739,279447338,1835500000
2019-01-25,4.9687028327161835,4.9609448273255685,4.9687028327161835,4.899018547293899,406823217,1862300000
2019-01-26,4.916043386291898,4.961426640267414,4.9962492217086,4.916043386291898,489260269,1142400000
2019-01-27,4.969736383301236,4.962759458261198,5.051030457769183,4.8967223148802415,357571022,1391800000
2019-01-28,4.970524357531262,4.962467369819909,5.0152323139595065,4.954961002085202,311508779,1488500000
2019-01-29,4.915619542840242,4.963628793582517,5.028358153848025,4.851530627494463,180987526,1261000000
2019-01-30,4.92918067120306,4.963654130776213,5.028426214751661,4.886145416077322,415419261,1960400000
2019-01-31,4.9517397929696605,4.9630845739352445,4.972465358048471,4.88669489315869,361741551,1688500000
2019-02-01,4.933329218078627,4.964957794129682,5.035921979577229,4.933329218078627,278024821,1951500000
2019-02-02,4.97685411114377,4.965517217074787,4.994513350549367,4.864620663761721,224026882,752800000
2019-02-03,4.9696600024611906,4.966267361462641,5.007802483085125,4.9606487471248,245063380,557200000
2019-02-04,4.998698805915461,4.967708998215332,4.998698805915461,4.923554029108727,422029593,1955100000
2019-02-05,4.998161342059206,4.969937757546474,5.0049865280165,4.963388106034605,487287917,1432500000
2019-02-06,4.9656622022046495,4.969066449493736,4.987912993909344,4.9423489891966526,195537892,559300000
2019-02-07,4.983965956790385,4.9695475706925,4.989632279615906,4.965364628811392,115710806,1935900000
2019-02-08,5.023092259039241,4.970853473026002,5.023092259039241,4.876711321855292,218342103,1652900000
2019-02-09,4.9528368539947465,4.971613923967526,4.987945123197626,4.9528368539947465,346748079,1270800000
2019-02-10,4.987842301420847,4.973041940449187,5.018791898690808,4.939280683939145,258361000,766000000
2019-02-11,4.971399490500938,4.97593061054168,4.988827969210543,4.92454583059705,221484161,1100700000
2019-02-12,5.019872257462031,4.978584112926225,5.019872257462031,4.953898097226306,115192843,1865000000
2019-02-13,5.004006242945084,4.980556053505607,5.019193286751774,4.960984384988719,151343814,618900000
2019-02-14,5.015490521947561,4.979708794846238,5.015490521947561,4.91324714106642,242258512,944900000
2019-02-15,4.985327985956365,4.978587595292786,5.0120729947937415,4.939421412722409,499675540,1502600000
2019-02-16,5.002419389358476,4.979248700949985,5.004465529101391,4.92105167189881,269051724,632800000
2019-02-17,4.990857126324411,4.9797170957452535,5.069159166567313,4.934534575352877,128059790,1627200000
2019-02-18,5.019820145405581,4.980162091060992,5.023745918277627,4.935024691231588,198548556,1756000000
2019-02-19,4.9799602833051475,4.9817193536647455,4.994978316000469,4.950303722069683,173130028,536700000
2019-02-20,4.995936773063064,4.981540732454364,4.995936773063064,4.848445607475076,424407316,500300000
2019-02-21,4.978820828069905,4.981477114926168,5.004543152679326,4.919699285329928,383679460,1156900000
2019-02-22,4.997684104774194,4.981290407506408,5.055899399710239,4.852448858866047,456300738,838900000
2019-02-23,4.99446108907442,4.982055184278062,5.019423209733793,4.956176916217582,377394714,901100000
2019-02-24,4.985251339294886,4.982691584127725,5.047802762265457,4.952557593382942,467414984,1299100000
2019-02-25,4.96714888056731,4.98499290009407,5.01589802720219,4.9214437396223705,143706754,1694500000
2019-02-26,5.040416096937975,4.98507929038167,5.040416096937975,4.946704089733521,281026127,1276600000
2019-02-27,5.007744319652212,4.98399233891309,5.017656434060534,4.8997003302738795,491801567,1513400000
2019-02-28,5.005108985524384,4.983552675895674,5.019298153232938,4.976869454478376,437336305,1556300000
2019-03-01,5.0407932771942345,4.983916208731433,5.0407932771942345,4.9619801546056825,174654077,1242400000
2019-03-02,4.950548993276088,4.984534310122204,5.007406774068967,4.950548993276088,140113950,1166600000
2019-03-03,4.9694952602046465,4.9860684563819575,5.013346798780307,4.925577055300397,431414184,1903900000
2019-03-04,5.019423504672481,4.986203969680637,5.019423504672481,4.983024284043679,195361304,1657300000
2019-03-05,4.9586553089744605,4.986831892055127,5.072667007523721,4.9586553089744605,361668821,1697000000
2019-03-06,4.9668220918727535,4.987988298662674,5.017701169760151,4.9668220918727535,435428510,996200000
2019-03-07,4.988398538517513,4.987026790933296,4.993667320931732,4.913299038959508,382424669,515300000
2019-03-08,4.938981081163927,4.987260533439438,5.025861197878571,4.938981081163927,398964285,857700000
2019-03-09,4.999778698687689,4.989417923480779,4.999778698687689,4.9355425169606715,102951282,1180700000
2019-03-10,4.944216851840985,4.988785025421759,5.068211734222329,4.944216851840985,307611458,1085000000
2019-03-11,4.991627639043921,4.992004041968849,5.003248071503035,4.96874747350027,233940037,1636300000
2019-03-12,5.000981342782401,4.992680387788643,5.0332306988606605,4.890907565649109,442692202,1593600000
2019-03-13,4.9515276454075945,4.993439526157863,5.048347728754435,4.9515276454075945,236047006,1486800000
2019-03-14,4.985894917235227,4.9929641723805,5.024866463618753,4.979720590092919,425522200,1662300000
2019-03-15,4.97678822017615,4.991937759854747,5.015587641784173,4.944448484499281,433484077,534900000
2019-03-16,5.041011087667563,4.991829092636985,5.041011087667563,4.949666573212977,382788691,1601300000
2019-03-17,5.013397580459716,4.99240333725489,5.030566724945822,4.9804509382441156,394511904,964000000
2019-03-18,4.987126335895423,4.9916909026804985,4.994687731501006,4.958241412417988,433820152,1960500000
2019-03-19,5.018852297401036,4.99248120161835,5.019601350222604,4.9432759184387365,484668610,927500000
2019-03-20,4.961749880925566,4.993648914519065,4.994700894720098,4.947124906142305,166559770,1506200000
2019-03-21,4.915548596464548,4.994038925887896,5.005038666067566,4.891019689900571,486276634,1087100000
2019-03-22,4.997520688611631,4.995171757464464,5.0178664591547895,4.951653856335128,424158665,978000000
2019-03-23,4.984257729602829,4.995856067330391,5.070000406171752,4.934454199120651,180181992,1313400000
2019-03-24,4.996052350665451,4.995676909420788,5.001567760467653,4.982683337257607,301276981,1761700000
2019-03-25,4.993381609238316,4.996584357630904,5.002386979623819,4.993381609238316,411675779,1042300000
2019-03-26,4.9857246064838385,4.99746419270145,5.062454585352255,4.981939988083648,401002262,1546800000
2019-03-27,4.989559596150487,4.997124083113513,5.026261498673738,4.979245841860626,200599769,1792500000
2019-03-28,4.952697248493147,4.996862043882288,5.067591960109991,4.952697248493147,297300738,1985200000
2019-03-29,5.0193099441693745,4.997973511249295,5.090426912842794,4.971005873324312,427872815,860700000
2019-03-30,4.97465583087177,4.996502839090656,5.0072587077107675,4.964889213643465,344176847,547700000
2019-03-31,5.006985094436417,4.997331072933339,5.047942194646384,4.866127420538128,480156585,1493500000
2019-04-01,5.003661361889845,4.995771425118099,5.03355501590432,4.981827167383799,387300799,1688900000
2019-04-02,4.95867915126554,4.996261975777768,5.049113798597282,4.88417341275364,244832450,1228000000
2019-04-03,5.011003917584618,4.995398387780126,5.011003917584618,4.963066527089837,493354198,1661000000
2019-04-04,5.002410018261042,4.996200815339808,5.090311273844362,4.968635851201344,134209439,1278600000
2019-04-05,4.955391783131041,4.998127191568608,5.058898521132825,4.925017782762945,247468891,1401200000
2019-04-06,5.023490290151076,4.999122782196187,5.023490290151076,4.990243923092513,304733389,829700000
2019-04-07,4.954342521840913,5.000371817214772,5.018185015562748,4.912833402887138,259871924,716100000
2019-04-08,4.978269787124568,5.001537524837435,5.090194721562607,4.942477283002838,441742902,1694600000
2019-04-09,4.954082312274291,5.002047945206657,5.060348810367995,4.954082312274291,335388229,1034700000
2019-04-10,4.951925577897094,5.002168782626564,5.02149755897329,4.918267923274946,140167718,1016000000
2019-04-11,4.996042171155754,5.001621803464276,5.031198063227672,4.957057218444862,216531575,762500000
2019-04-12,5.024601112298759,5.003609321550742,5.0446799686143065,4.9696286084093595,202753958,1770500000
2019-04-13,4.998355988957822,5.003630420085807,5.011861055530819,4.924812829846567,260150766,698900000
2019-04-14,5.012390492179903,5.0039289959636,5.111953310281817,4.960226342970469,328740052,958100000
2019-04-15,4.990941825725642,5.005768138741572,5.016119654274367,4.942360343191009,485742004,621800000
2019-04-16,4.998015508148528,5.006086261721924,5.06435742831111,4.998015508148528,408980593,1962800000
2019-04-17,5.042495979126216,5.007772130373224,5.082547163465485,4.914006354260825,439458422,1078200000
2019-04-18,5.011664751773668,5.009125652205086,5.011664751773668,5.000027035803938,495703560,1699300000
2019-04-19,5.034780975893552,5.010076694312972,5.034780975893552,4.986118071918448,357317726,900000000
2019-04-20,4.982491185620906,5.010266087529193,5.031594503236332,4.982491185620906,434902132,1774400000
2019-04-21,5.009701909167176,5.009487017589283,5.083648505889538,4.946756771768929,376751177,562500000
2019-04-22,5.018735767395645,5.011067141349427,5.071088030505091,4.987863002012418,289299438,1304700000
2019-04-23,4.975621583425277,5.011641787856887,5.05010233875896,4.975621583425277,130892928,556300000
2019-04-24,5.020160134244316,5.012259647522262,5.034076208168016,5.009739166187866,318736074,1789600000
2019-04-25,5.007841999260884,5.012649620042741,5.0742035003541215,4.947740193230662,268005120,1249000000
2019-04-26,5.017288105301381,5.014798077885001,5.038330049327405,5.014447645384982,164383475,533100000
2019-04-27,5.034009430005384,5.01583848956331,5.034009430005384,4.960459685979389,254251501,1865200000
2019-04-28,5.032815860110381,5.016851315738507,5.032815860110381,4.95199310174622,462705855,709700000
2019-04-29,4.99921895385774,5.016915598031411,5.0400293156525,4.957042159149256,102914387,1942100000
2019-04-30,5.0184376482246575,5.01676709813593,5.084445166941754,4.9963612268857025,304145996,932200000
2019-05-01,5.001882093645992,5.018054966434919,5.035862109908836,4.858140380937918,399043046,1892800000
2019-05-02,5.026821317389245,5.017297912666353,5.05567709130721,4.922221643972458,223918378,551600000
2019-05-03,5.056584052546418,5.015707292989914,5.056584052546418,4.949798037254457,220755416,1221400000
2019-05-04,5.023606606344184,5.016832954294244,5.070889121681757,4.995844766716067,329458737,1443500000
2019-05-05,5.015667334894396,5.01714100483246,5.078722721081483,5.014083781750628,201796360,1305900000
2019-05-06,4.9909456637608365,5.018952465919539,5.025941574488383,4.9909456637608365,251937133,1919600000
2019-05-07,5.059778904471573,5.019552325946371,5.100901402856934,4.918786417662876,447114432,906300000
2019-05-08,5.018216786187294,5.021194821734264,5.033011486870934,4.94320817265388,283117020,1179400000
2019-05-09,5.0198444419668125,5.023533483531769,5.040961370302102,5.0198444419668125,201155591,1671000000
2019-05-10,5.038984674447459,5.025849754340728,5.038984674447459,5.020070116821842,376323394,520600000
2019-05-11,5.029563551228129,5.026714943799256,5.052746328065734,4.978841638532605,464031865,1014800000
2019-05-12,5.002214030801192,5.027263889854037,5.15537449455465,4.998063918161157,172118295,754900000
2019-05-13,5.07630068840687,5.027230269611839,5.101733954521911,4.938767123426641,224486723,557700000
2019-05-14,5.030134648480734,5.027826123001779,5.074365576316073,5.015304802180398,364577471,1315000000
2019-05-15,5.036635666362259,5.030065610602202,5.048052049600555,5.010661623378711,256649401,1652800000
2019-05-16,5.020316279470312,5.029618288001707,5.113254461204019,5.020316279470312,416216519,881800000
2019-05-17,5.036257035083258,5.030490818157873,5.055637022853296,4.991015261162869,233308211,1277800000
2019-05-18,5.039554113283123,5.032279402791276,5.040878438844639,4.989892615952274,447233001,961300000
2019-05-19,5.065208144617717,5.031780436267546,5.080949514447118,5.0121091681558605,297992512,785800000
2019-05-20,5.034807207032412,5.031038174713868,5.071018694715237,5.012569927905962,470879380,569700000
2019-05-21,5.034551850476828,5.032214393996521,5.10475483997643,4.972789671642874,297813852,690700000
2019-05-22,5.028126952200363,5.033051488927658,5.043114393903177,4.953108223632806,170064836,926700000
2019-05-23,5.036032533335988,5.03455841154759,5.0555538302080185,4.979267971939712,405198484,1466400000
2019-05-24,5.067769961642507,5.035615590585737,5.126589897973259,4.99708569447075,464658925,1955700000
2019-05-25,5.013850257480849,5.035335041269564,5.0677643235837815,5.013850257480849,101839527,608100000
2019-05-26,5.073879042600014,5.0366052391760086,5.0868047816498425,4.987252304399404,118115319,771300000
2019-05-27,5.038370796129639,5.036331759370832,5.047231838578048,5.02552601165417,284453069,562200000
2019-05-28,5.027134975724773,5.036072200378722,5.0846125639150985,5.027134975724773,141152066,1010100000
2019-05-29,5.0670819378765835,5.037286453756499,5.101213809462237,5.032774610853128,220435320,1871200000
2019-05-30,5.039851942827734,5.037290536581409,5.0943706307499586,5.028041478007245,137944882,500800000
2019-05-31,5.02785497335856,5.038508153023682,5.162132473265432,5.014460408329095,448273027,1184700000
2019-06-01,5.04711964196572,5.03968262799097,5.076547993328684,5.022013266823623,386485955,634500000
2019-06-02,4.990732856322336,5.040766965775394,5.055994943779817,4.990732856322336,274607062,1490700000
2019-06-03,5.047348756248536,5.041401977432375,5.084557674604546,5.013638841266133,193273878,1206900000
2019-06-04,5.050335891876374,5.041889744390729,5.050335891876374,4.964757253045381,270240439,979000000
2019-06-05,5.006117125383071,5.039884973670065,5.149249715311531,4.974981733037228,446690286,655700000
2019-06-06,5.05050567553229,5.040501373351547,5.090964537520296,5.034361553202313,255436546,1367700000
2019-06-07,5.106132717570851,5.042100752891845,5.106132717570851,5.039604016095241,201811210,775800000
2019-06-08,5.010508907006168,5.0425735656910575,5.076430403267773,4.98637456905106,414009709,1349400000
2019-06-09,5.054053831300502,5.0439368287165545,5.0716426307899924,4.991188914685564,289780190,769300000
2019-06-10,5.013565074994805,5.043934917040373,5.079194594624505,4.989266705692592,109027503,1983700000
2019-06-11,5.090832165657152,5.045472232233783,5.090832165657152,5.0422543840218195,157849856,1707900000
2019-06-12,4.977015623115372,5.046408573206353,5.111701925315283,4.977015623115372,314023435,1059500000
2019-06-13,5.065762400671199,5.047345117649267,5.065762400671199,5.004215426524271,454891184,1204100000
2019-06-14,5.045158516468646,5.04756437988105,5.120046518989557,5.039062709930779,352676830,1799700000
2019-06-15,5.100793902132818,5.047277365399929,5.100793902132818,5.03309888765066,417912417,1710800000
2019-06-16,5.02556877375614,5.046683244487605,5.087228935452681,5.02556877375614,459304114,536100000
2019-06-17,5.02769371180151,5.046887768008444,5.047331813444569,4.997707187445383,380478434,780400000
2019-06-18,5.067848070204334,5.047113807824078,5.1520553197709695,4.993916991750191,173164306,1862800000
2019-06-19,5.056973477755023,5.049839109481825,5.120597506208541,5.032277248265667,348718277,1091400000
2019-06-20,5.063234371902898,5.049337465054344,5.063234371902898,5.034283803162775,251261418,912300000
2019-06-21,5.016691071071339,5.051065786675346,5.0885742006055485,5.007768589158538,428269092,804100000
2019-06-22,5.022203525236377,5.053327725189465,5.086248594705609,4.9848107574977405,459928323,712800000
2019-06-23,5.084042259043304,5.053720831141717,5.102184100852843,5.049531342371376,189579913,1556400000
2019-06-24,5.068219928828466,5.055106071286126,5.103868417564907,5.033251399740649,227103100,506900000
2019-06-25,5.052650022563089,5.055166881755363,5.103728199723221,5.017507527478775,151341821,1580300000
2019-06-26,5.100284163386614,5.056823277009262,5.100284163386614,5.039022925249184,412548822,579200000
2019-06-27,5.063263820448275,5.0566097916903665,5.094247822167963,5.002786116499147,380174424,1764000000
2019-06-28,5.089808574573446,5.057142187403592,5.1118757715108245,5.042307146288745,227124021,1122300000
2019-06-29,5.011583941177924,5.0572858771486,5.094378704405294,5.011583941177924,496234278,1517600000
2019-06-30,5.0073685321255486,5.0584116712640546,5.0915172158635285,5.0073685321255486,105578449,1047300000
2019-07-01,5.054937425529497,5.058561915468928,5.077560669332268,5.041122209289885,385339259,1288800000
2019-07-02,5.010988417690145,5.059391719893959,5.200814455931072,4.960174678764426,446241256,896800000
2019-07-03,5.009725595640745,5.058532849574791,5.06338895782774,5.009725595640745,148813960,745500000
2019-07-04,5.0129910739171315,5.05817278454772,5.069695690357804,5.0129910739171315,141147472,605800000
2019-07-05,5.0169395985526375,5.059164459900917,5.086173943537776,5.0169395985526375,180826749,1883600000
2019-07-06,5.126708999154143,5.059970331758719,5.137538186747578,4.992377040317368,105578900,1634000000
2019-07-07,5.038311733190488,5.060882575312995,5.098401536428614,5.038311733190488,329318473,537900000
2019-07-08,5.074788627461609,5.062280906897766,5.074788627461609,5.050592068959141,465821376,1327500000
2019-07-09,5.031244347372253,5.062601021276804,5.107014793635617,4.929461475369599,336596244,725600000
2019-07-10,5.070970205058433,5.061685431368212,5.105125562615483,5.025785671156049,167982845,662600000
2019-07-11,5.059777087775053,5.061156666448341,5.0786106842404495,5.0081312133034395,408852795,695700000
2019-07-12,5.070216346331772,5.063226121071994,5.100406702510894,4.970905711802012,196503420,1701200000
2019-07-13,5.088044842069878,5.063141294911992,5.115663886890959,5.024986819293885,324662052,595900000
2019-07-14,5.038758795305026,5.06353070799095,5.111161104280567,5.038758795305026,412700930,1751900000
2019-07-15,5.068784909254335,5.063841922080836,5.068784909254335,5.051695064641269,186599893,1304700000
2019-07-16,5.024509980052731,5.062835099252153,5.188213674939254,5.024509980052731,195563145,1077000000
2019-07-17,5.061750561228626,5.063810783982529,5.084269998138944,4.965850083500544,426280946,1154500000
2019-07-18,5.051279546387953,5.06396162281759,5.107167593963782,5.0137616395185,256768336,1497600000
2019-07-19,5.076234276186829,5.063500908390395,5.130247544030941,4.9925346832913355,404095774,1214600000
2019-07-20,5.059004568901537,5.065433043593308,5.0816974240609625,5.0319022073222515,132514203,1107200000
2019-07-21,5.071677859082004,5.065607802938495,5.085576538494594,5.021966726839006,340402427,1635400000
2019-07-22,5.046707759237553,5.065184804224228,5.075227902472332,5.030120928747807,194881814,1034900000
2019-07-23,5.043157971320213,5.066196396237948,5.1534243274298985,5.043157971320213,413810865,1158900000
2019-07-24,5.069903118666716,5.0665263172896555,5.088605368281596,5.001925475601816,243337962,786200000
2019-07-25,5.040080974452081,5.067415773053648,5.134212017133748,5.040080974452081,210009898,1279100000
2019-07-26,5.0841151142147085,5.068576810131943,5.113648211323264,4.975995421233369,276231072,1625100000
2019-07-27,5.078749104349419,5.070349820292027,5.078749104349419,5.06084294289166,256336378,1802400000
2019-07-28,5.039907718282718,5.07295155235659,5.208436915191923,5.039907718282718,214901923,1352100000
2019-07-29,5.080886616438687,5.073018026405545,5.142595414452317,4.964583204616237,215956617,1184700000
2019-07-30,5.071754680202809,5.072740133190774,5.215738956020299,5.059385576269351,151949373,1310600000
2019-07-31,5.0841244767294675,5.072862603571808,5.0841244767294675,4.962469012714856,237053980,1038700000
2019-08-01,5.061543922654909,5.073213706085429,5.104672432174273,5.061543922654909,264710231,1675700000
2019-08-02,5.091290473132415,5.073791775928916,5.143441604787349,5.051134406343596,301468814,813900000
2019-08-03,5.068589362995229,5.073624022808766,5.140745904695461,5.059997164472327,496388717,1315100000
2019-08-04,5.081147058913481,5.074618355547315,5.098797299590352,5.030645318688625,155342949,876100000
2019-08-05,5.006710548981409,5.075800303741958,5.102474377361216,5.006710548981409,276251585,1472400000
2019-08-06,5.08502807936284,5.075720549806899,5.150773326117206,5.064934228424654,270980042,1772400000
2019-08-07,5.063221264051287,5.073720935596148,5.159445751593709,5.024116615835399,426814283,1936000000
2019-08-08,5.092023374405157,5.074883026697426,5.092023374405157,4.985119224513675,448856735,1080300000
2019-08-09,5.057508225740878,5.0764752783905855,5.153915601101471,4.952576028583941,236279662,1364500000
2019-08-10,5.065885900158433,5.076633888569827,5.114080164804316,5.040054305554844,422009684,610400000
2019-08-11,5.078529282317108,5.076281824079774,5.107088137337324,5.022634059306836,378268903,541900000
2019-08-12,5.09566526630954,5.076185221583139,5.09566526630954,5.0656804545639496,387405258,1792100000
2019-08-13,5.069382468183809,5.077060049416986,5.176813672140026,5.057994112394209,232369590,1543300000
2019-08-14,5.028548672685571,5.077041241225342,5.123332839917964,5.017260792445761,165488945,1877900000
2019-08-15,5.103359195926736,5.0769803766533235,5.142318913866495,5.072982438810989,269308332,873100000
2019-08-16,5.076207106342388,5.076695946591769,5.122761258432426,5.005824771462978,203082767,1090900000
2019-08-17,5.067541876287388,5.0774350223965845,5.178043065281682,5.067541876287388,164746398,717700000
2019-08-18,5.065334229425153,5.0763462569643405,5.0922716973993225,5.054694039928263,178225615,1139800000
2019-08-19,5.13309206526658,5.075874903343934,5.13309206526658,5.037783698920402,493598622,1931800000
2019-08-20,5.112018631020057,5.076260228013198,5.1708408399932155,5.067391864355102,398067509,741100000
2019-08-21,5.093728186172389,5.078046390380415,5.093728186172389,5.044528106029364,432752232,1698300000
2019-08-22,5.100975587663077,5.0790514428460005,5.135804573068161,5.021362232199773,270089544,709100000
2019-08-23,5.053821218335817,5.080694468142178,5.116812287974597,5.046935626556839,107838949,1421300000
2019-08-24,5.100762917302194,5.081082302192967,5.132657633699317,5.060406990127872,296028471,750400000
2019-08-25,5.016413328439643,5.0823913974557975,5.113584263199924,5.016413328439643,436561925,1703300000
2019-08-26,5.082022350231699,5.08175491464834,5.09043125289614,5.070303475927639,132021858,1705900000
2019-08-27,5.065023266225339,5.083164402834074,5.090443813799824,5.027773899303142,138440259,1080800000
2019-08-28,5.079659850891239,5.082872281759275,5.095118174528501,5.059585891759179,182210646,1474100000
2019-08-29,5.043612252013265,5.08355084451335,5.103158436046079,5.001671811365243,268284435,1237800000
2019-08-30,5.117635018645362,5.083722215969418,5.159372140946426,4.997825844395306,237343652,685000000
2019-08-31,5.079102323745976,5.083935989574048,5.132060126848712,5.0298931270193465,330721282,1106400000
2019-09-01,5.0796036186691484,5.083771016295435,5.107288841418069,5.061284017108608,134779632,806300000
2019-09-02,5.05958209235232,5.0859745015505,5.125511859732514,5.025355447889392,183648220,913900000
2019-09-03,5.0993494440027956,5.085975607374645,5.1423046548420395,4.971021082452104,178082690,1039400000
2019-09-04,5.093478323941449,5.085713936761069,5.093478323941449,5.00373400859594,387930165,830300000
2019-09-05,5.0719294073011305,5.0852357595755935,5.209709141645823,5.028384693709739,406940610,1048200000
2019-09-06,5.105998408168092,5.087823584942906,5.134017277615391,5.044841889137319,357208856,1258000000
2019-09-07,5.1354149756604235,5.088792849841626,5.1354149756604235,5.030416221879506,195448234,884500000
2019-09-08,5.058934162384094,5.0889453541000815,5.102390641672022,5.055748642073469,287340189,1247100000
2019-09-09,5.101248275559637,5.089924930544177,5.153661596939815,4.9801447902257605,477932350,806100000
2019-09-10,5.039376010757518,5.091353308014236,5.104257866758121,5.039376010757518,172267130,599000000
2019-09-11,5.107291548202933,5.092746368689315,5.107291548202933,5.0201290315273095,344995433,950000000
2019-09-12,5.099652496173969,5.0949951450336926,5.16115098315073,5.0703581036825245,428603133,548400000
2019-09-13,5.062683644108252,5.095130105203806,5.122455260519772,5.062683644108252,334202797,859400000
2019-09-14,5.083818633563489,5.095871757434588,5.108243888650049,5.044000540581899,358843312,604600000
2019-09-15,5.123472297226625,5.097257550883358,5.199517161180393,5.051885344293964,464015556,618600000
2019-09-16,5.104714307867281,5.096800121116336,5.141302956999985,5.0892983042264275,276257070,1727100000
2019-09-17,5.082742538863713,5.098623804555373,5.212561815783033,5.068736793173062,211506439,1880300000
2019-09-18,5.069764981181939,5.099771468251266,5.135579937944469,5.053042617557517,162157724,1432200000
2019-09-19,5.073521363628064,5.099823732858148,5.213763686304529,5.027729187563261,275659187,779400000
2019-09-20,5.109326996166057,5.101224777968054,5.148825423978046,5.087275051150836,280286687,1952800000
2019-09-21,5.104444302013233,5.10152898470461,5.144766349584025,5.0835729234571625,477992241,1280600000
2019-09-22,5.081964201127276,5.101287480128654,5.185605708940393,5.027529038241247,276998506,1891200000
2019-09-23,5.095315541216671,5.1037943192089905,5.150030633800277,5.094127510297073,281581657,631500000
2019-09-24,5.070087808859398,5.104618876746099,5.110473476946974,5.070087808859398,364008733,1557100000
2019-09-25,5.1433834775619145,5.103912079556843,5.1433834775619145,5.032732650396944,231652301,917800000
2019-09-26,5.087313513402292,5.105527487274065,5.111767958335623,5.040472176438498,358131410,1840200000
2019-09-27,5.051283815536004,5.106124718726016,5.142873299083721,4.98971679205704,169762291,626700000
2019-09-28,5.131858588921613,5.10661677165816,5.136137440030105,5.0070316620934845,146118772,1432700000
2019-09-29,5.101590150110594,5.107154251094338,5.130393533161494,5.07607186194571,458791577,804500000
2019-09-30,5.133724242447778,5.107499203941759,5.133724242447778,5.04044795637413,477975834,782500000
2019-10-01,5.099107912814567,5.107661773558091,5.170496473817761,5.045898265581088,498795612,1564100000
2019-10-02,5.1405606954937015,5.108926807154172,5.202931197892001,5.033045035818251,438009573,812000000
2019-10-03,5.075739172315813,5.110877360447483,5.152623847208615,5.075739172315813,377905094,580700000
2019-10-04,5.137783171100459,5.1105982681539235,5.137783171100459,5.103610616347585,169120322,784200000
2019-10-05,5.1198479980487495,5.109846169248005,5.218110759122008,5.1092775815880085,237731735,1885100000
2019-10-06,5.0877877868100265,5.10951411165747,5.165959911106556,5.0877877868100265,365623604,1235000000
2019-10-07,5.1571442632097115,5.1087495832412015,5.1571442632097115,5.068685938470108,417600998,1060400000
2019-10-08,5.117016282962423,5.110930457550522,5.141651027021823,5.072396859588257,101797990,1484800000
2019-10-09,5.043649992391019,5.109978457919804,5.120624228643975,5.043649992391019,203688290,1989300000
2019-10-10,5.145611354698934,5.108565136260103,5.1628127585665355,5.020455116863976,462226239,1524900000
2019-10-11,5.119198969919077,5.108725050868367,5.1687097228279,5.027654130544026,315174662,795600000
2019-10-12,5.100505763781272,5.108677715541216,5.221010706639323,5.04417279680111,357328235,1635600000
2019-10-13,5.115545398758363,5.109140158544471,5.182233079711849,5.04101434993964,152612825,534800000
2019-10-14,5.105914467191409,5.1122778287617106,5.150109333043676,5.105914467191409,444570171,891800000
2019-10-15,5.071689038883446,5.113163436001576,5.145162342254179,5.016592629967579,182899794,508100000
2019-10-16,5.171980998696694,5.1131035630005695,5.171980998696694,5.102960890239966,196955364,1876200000
2019-10-17,5.103263220954074,5.116171632590081,5.194174457345749,5.0782927311881965,239172751,1157800000
2019-10-18,5.056057997213954,5.117292842783251,5.139078999152979,5.0050705599210605,250537187,995700000
2019-10-19,5.098921193992295,5.117972633114099,5.144079453825369,5.08358472412573,365059417,761400000
2019-10-20,5.134407041806417,5.119884991571077,5.207244795130071,5.018937615691589,431557235,1590000000
2019-10-21,5.108613105512144,5.121096057089931,5.130448619092643,5.107737662351568,468277408,932900000
2019-10-22,5.114863169509538,5.120286315772774,5.190849743151458,5.11146962414438,331633178,1823800000
2019-10-23,5.135240236030282,5.120509601163592,5.243404540395326,5.092315208780968,342827828,1543500000
2019-10-24,5.1293475756070235,5.120832877208867,5.170842647555953,5.074511471437291,255799739,759200000
2019-10-25,5.127727281891609,5.1213387940362605,5.189558996364112,5.084802223463036,381819709,1141400000
2019-10-26,5.105991862788912,5.121965030548957,5.135290157821897,5.105991862788912,356290665,1701100000
2019-10-27,5.096234805719698,5.122184191240486,5.1659503847796175,5.096234805719698,483105345,560700000
2019-10-28,5.120984771258347,5.123767957621922,5.172182327453597,5.080608291006451,262893653,1396900000
2019-10-29,5.068547155974515,5.125730444499538,5.139628221250326,5.04691784909275,287239392,608800000
2019-10-30,5.157447247900553,5.124579163426998,5.157447247900553,5.1046243365254895,490013336,1085800000
2019-10-31,5.127535908213257,5.125523496052931,5.137197075135046,5.111462758585274,456162055,751500000
2019-11-01,5.149509827423751,5.127850033371164,5.157174178634141,5.078309648502632,405895745,569000000
2019-11-02,5.085516863588261,5.128022033787308,5.143186483311172,5.085516863588261,146814389,1011000000
2019-11-03,5.137517783171332,5.129656053680027,5.1572625751147,5.046494220063472,184312560,1777900000
2019-11-04,5.163372446962139,5.131507747665707,5.194536630466748,5.110956484600146,145403273,1724900000
2019-11-05,5.172976787603708,5.133807140109895,5.172976787603708,5.087989140256503,493862816,1167700000
2019-11-06,5.101344429783056,5.1339503967227325,5.194222063682861,5.08503242962454,223905349,654400000
2019-11-07,5.156570633213095,5.134610826130852,5.156570633213095,5.118158910032283,283515859,930200000
2019-11-08,5.126237790721209,5.133757004620423,5.2003411849068435,5.126237790721209,398139604,1390700000
2019-11-09,5.144417145330354,5.1335486662613,5.146766742434782,5.066888689255951,130231402,1796200000
2019-11-10,5.147547776222623,5.1321586596203375,5.276543694351579,5.042219815763038,168642267,1931700000
2019-11-11,5.14626427089569,5.13202635105846,5.180699951081673,5.127387042246127,163473174,1897600000
2019-11-12,5.147789288388031,5.133637799385756,5.159979893902784,5.097940127543866,422077373,699500000
2019-11-13,5.126252050410874,5.134008622744161,5.212929446114065,5.066415157627708,208615716,1598600000
2019-11-14,5.133523824041467,5.134435133529516,5.183910508642473,5.123245017652849,308482669,959400000
2019-11-15,5.113767708945517,5.1349058334467,5.153791055258427,5.061881704166485,358578345,517700000
2019-11-16,5.113843445501142,5.135658340964275,5.136777798573284,5.113843445501142,455664203,1601500000
2019-11-17,5.169582328996681,5.135484929123975,5.178091501156066,5.095110792225137,426406921,881700000
2019-11-18,5.169796009194597,5.136586131411132,5.174770952920952,5.106879888643756,304134993,1184400000
2019-11-19,5.1128934900292755,5.136585428861379,5.192098466021632,5.039043462094107,434130662,1519000000
2019-11-20,5.1262012782668664,5.136916361839863,5.171418031086296,5.035292414311069,174140574,1275400000
2019-11-21,5.106670537203843,5.136962527348193,5.157021295252599,5.050364311119802,379854413,668600000
2019-11-22,5.173614318825045,5.137376735234056,5.173614318825045,5.118799856312882,434472752,1080900000
2019-11-23,5.171582410033852,5.138895445091873,5.171582410033852,5.07788679638547,453812211,1177200000
2019-11-24,5.155462136524611,5.140135505374355,5.202641319354714,5.08349004792168,203660774,930900000
2019-11-25,5.1126267071403575,5.139529262328701,5.152792206746461,5.090681966842868,466066646,1414100000
2019-11-26,5.134408951831648,5.141384121958207,5.1653752138996,5.134408951831648,342484177,634800000
2019-11-27,5.129795256171793,5.142634716690313,5.23701738842243,5.109608727342894,413049203,581900000
2019-11-28,5.163773373426911,5.14527823140229,5.19735080202601,5.101199023183598,231396031,1982900000
2019-11-29,5.143941005471567,5.144805397256364,5.198865163765535,5.085784533003039,410340500,1753900000
2019-11-30,5.158468295710501,5.145569733338798,5.158468295710501,5.1116731588151305,340009511,873500000
2019-12-01,5.150427811203695,5.146403122383127,5.181558511312378,5.107639719550548,101323841,1601300000
2019-12-02,5.15921240624314,5.146613563351385,5.173258961687391,5.1198742295518285,418757813,660400000
2019-12-03,5.132875003558995,5.148146503932713,5.22396459486064,5.038387751872432,393793293,519500000
2019-12-04,5.182038807552369,5.149907622827905,5.289738655601423,5.048699008792943,417703191,1488000000
2019-12-05,5.145524871946042,5.1500813790918105,5.2459759660606045,5.123419108670148,425707655,1947200000
2019-12-06,5.1271942408793745,5.151005470430316,5.199430347651568,5.111073524017064,358057426,1780900000
2019-12-07,5.125373423079593,5.152515485148704,5.2617886680001655,5.120348577690977,233546380,1172500000
2019-12-08,5.153223701894029,5.152191426448404,5.172432772120758,5.147799076001594,147737321,626500000
2019-12-09,5.173369827985075,5.153806887064553,5.1961193784322255,5.086881950136603,372600092,1613100000
2019-12-10,5.115361059653867,5.154998044154908,5.164248906105022,5.108608403434601,369771961,881600000
2019-12-11,5.143282685608928,5.156696258728003,5.211682563376049,5.067003451851967,405797038,1129100000
2019-12-12,5.171507261109352,5.156571633664265,5.2153463780153695,5.142213442325291,242064168,1079400000
2019-12-13,5.102055729602553,5.15764309266637,5.163448146087461,5.102055729602553,271395818,1338200000
2019-12-14,5.115870636343748,5.155794839979873,5.1703768052257315,5.115870636343748,491835506,1814800000
2019-12-15,5.178629065956325,5.156278132699172,5.216651936905094,5.060805507036277,235744312,1192100000
2019-12-16,5.1415710311531235,5.1573391460877005,5.170191704001584,5.1415710311531235,210742942,1125100000
2019-12-17,5.200307174264109,5.159697276154368,5.200307174264109,5.058288015633501,422554785,1538100000
2019-12-18,5.156384622501999,5.162053949493874,5.2025496568951395,5.110156129322926,446617278,528700000
2019-12-19,5.143872608321411,5.164303727864431,5.221290743985211,5.100966223469372,388699889,1152800000
2019-12-20,5.159255361414259,5.164723722930731,5.187903576837782,5.133083464990281,457598423,1522800000
2019-12-21,5.131706837179041,5.163556794862834,5.191296292172439,5.131706837179041,245433399,656100000
2019-12-22,5.131175613763833,5.166090097208793,5.193259665402932,5.071250457565904,393882843,697900000
2019-12-23,5.1763768023574555,5.16587150045013,5.191452340822326,5.136118420317466,159051661,1030900000
2019-12-24,5.117156039567734,5.167492979807151,5.223227027646387,5.111235242909266,350218032,1605800000
2019-12-25,5.148580904554958,5.1672884285245075,5.18306600203006,5.144825111907854,426541246,917900000
2019-12-26,5.188081528231953,5.16808744050716,5.278486064708507,5.155137984788715,161357592,1470400000
2019-12-27,5.148145246288854,5.168517128295945,5.175015846715475,5.0844191187889045,230943149,1177500000
2019-12-28,5.223141774966691,5.166351555557572,5.223141774966691,5.140348956353818,267662553,525300000
2019-12-29,5.161326430437388,5.16784261711727,5.172642281211366,5.097767322227896,345468404,921600000
2019-12-30,5.2083087530961345,5.169103406507002,5.2083087530961345,5.03479453143832,330382331,1680500000
2019-12-31,5.223568489046159,5.169218088698304,5.223568489046159,5.064583788704158,468523545,1064500000
2020-01-01,5.195213765655472,5.170670006861739,5.21068717222717,5.099341895842981,228880474,950500000
2020-01-02,5.158823765960957,5.1715344952360045,5.183281038588642,5.12697017090204,300071624,1083200000
2020-01-03,5.164353319419173,5.172645952926614,5.191610346959153,5.086306448911941,368234235,781900000
2020-01-04,5.1564991527436375,5.173372601844916,5.193537519195803,5.112069653200578,463319771,891200000
2020-01-05,5.159589728561815,5.17311536841172,5.235607957913115,5.159589728561815,116614759,1002300000
2020-01-06,5.202695373579255,5.173336575335458,5.217941102110884,5.143158500566454,189085935,1496400000
2020-01-07,5.12195254574611,5.1741700714031085,5.227798843137919,5.090047038847901,435237059,764300000
2020-01-08,5.186443461039015,5.174459266904497,5.189746042976065,5.141684091882573,494307524,1583700000
2020-01-09,5.165529028660257,5.175194160706225,5.239279972363067,5.124499055650616,441476748,1348100000
2020-01-10,5.18016793825345,5.1736338369037105,5.27361142339564,5.120245704031312,430139550,848800000
2020-01-11,5.183939457088132,5.1738095061792455,5.249850179916764,5.108677083159335,439792481,1422800000
2020-01-12,5.21234237982424,5.172814469536156,5.215667626627296,5.1534160415262456,101804669,1403100000
2020-01-13,5.175655009356982,5.173521214706343,5.233076077145105,5.114884483669367,162110535,1191200000
2020-01-14,5.166417156461451,5.171991494235139,5.196891185372227,5.158231563962744,418511514,1161300000
2020-01-15,5.1229518135595855,5.173797820440704,5.26750847665013,5.1229518135595855,388111331,728900000
2020-01-16,5.108238317994739,5.174273634091048,5.1920834348831635,5.108238317994739,260183735,717000000
2020-01-17,5.188791017690116,5.174710542305424,5.1950076809072385,5.084484082567361,363277140,1298000000
2020-01-18,5.205059095557314,5.174326444157551,5.205059095557314,5.155339242145787,407336465,1756000000
2020-01-19,5.174980290966424,5.174846527126434,5.19818135510515,5.125231752507742,310020570,1040900000
2020-01-20,5.212806094121116,5.174995341501095,5.212806094121116,5.158040568843808,165103720,685000000
2020-01-21,5.145479075215964,5.176432157068379,5.1922986847807495,5.145479075215964,164209551,1967500000
2020-01-22,5.202899766345221,5.177477063735048,5.240159213668974,5.165802629815804,301031761,1702200000
2020-01-23,5.1790186682266555,5.177897269472592,5.200419397982536,5.119375167437222,165209952,1932200000
2020-01-24,5.216819974546195,5.177134766230687,5.216819974546195,5.168532396103253,335555361,764100000
2020-01-25,5.221355175462466,5.175703750062801,5.221355175462466,5.14373466548485,331867115,1606400000
2020-01-26,5.2061399729161835,5.175321342673772,5.2061399729161835,5.136257059276753,368689453,599900000
2020-01-27,5.1967468116737,5.175792315446488,5.1967468116737,5.119204758278065,431970700,863800000
2020-01-28,5.136630986516181,5.176244803533768,5.21934970390442,5.136630986516181,310770100,788500000
2020-01-29,5.19209717447433,5.177059291961274,5.19209717447433,5.129363794007813,217319899,1778900000
2020-01-30,5.154491406130934,5.177768027319403,5.239340709339296,5.145547765101449,161871211,1203900000
2020-01-31,5.1971345578908785,5.177987626468347,5.2332147466477865,5.1679874974100395,412484282,1585200000
2020-02-01,5.224604263357679,5.178301673480175,5.3022375057899716,5.174909567531839,136673003,1078200000
2020-02-02,5.180947986420013,5.177809564969414,5.192170697999056,5.159856601268082,432016529,965100000
2020-02-03,5.181977286735082,5.178251924596809,5.194366093045155,5.154916416436618,291905663,585200000
2020-02-04,5.216921232259559,5.1782463728995864,5.231668349937709,5.112214047507482,411477362,822800000
2020-02-05,5.207058833679402,5.179745072452632,5.227132139628761,5.158998778286278,476962668,727600000
2020-02-06,5.195793543440551,5.1817680770597185,5.195793543440551,5.148162755681708,438997372,1546800000
2020-02-07,5.18029367988552,5.183022405006098,5.2367840359084274,5.143493162667976,380575138,1770800000
2020-02-08,5.196811749122649,5.1838474730503465,5.318208338048843,5.122567254708134,309081800,893100000
2020-02-09,5.183458829408744,5.184491054897805,5.239477068568836,5.180228086400334,135030640,1967800000
2020-02-10,5.2109136669893585,5.184565087453058,5.2109136669893585,5.147563784356928,386688680,1523200000
2020-02-11,5.1951167722248695,5.185286284438137,5.245287585865265,5.048738837212147,139432452,1792300000
2020-02-12,5.211549867576192,5.187046539451469,5.216148870954183,5.0954334144430975,156947353,1802400000
2020-02-13,5.172032532197248,5.187125821153261,5.204910245083592,5.144132135404442,315455508,1403300000
2020-02-14,5.189478676324822,5.187866250757725,5.229695886317957,5.11630940040377,455167565,1187900000
2020-02-15,5.176177290241326,5.186766445089323,5.236108514063355,5.1162897491264046,370813840,1107600000
2020-02-16,5.210430737373389,5.186875115343268,5.263628942531514,5.181325706392643,168223187,1094200000
2020-02-17,5.1767876145760034,5.185469490085904,5.23905188683098,5.080500799665245,424758452,1612500000
2020-02-18,5.188010898487805,5.185988802593558,5.250684413731438,5.148630022950905,436716811,1130600000
2020-02-19,5.180888437665669,5.18488340846982,5.217650298770478,5.166744995214752,242325696,738300000
2020-02-20,5.174721086718163,5.1849985349842305,5.199836003065552,5.166284514700817,104487744,1319200000
2020-02-21,5.223686392547738,5.186108703337564,5.255854975225562,5.183043464571727,153896165,1264600000
2020-02-22,5.203639340111398,5.186332009224041,5.278435699721163,5.146354595180118,336060422,1601600000
2020-02-23,5.150125879473021,5.186246728934014,5.230361407559224,5.09375984998138,457254001,1303500000
2020-02-24,5.162222974622626,5.187466059652259,5.21110255742873,5.105619641306665,253409347,1425800000
2020-02-25,5.193011857583962,5.187607103132992,5.2455201450923035,5.144408474180963,399684676,1816600000
2020-02-26,5.215684011644648,5.186926016407772,5.217082871607296,5.154081793637488,327719541,1991500000
2020-02-27,5.135062005448691,5.187426724166975,5.197334085175921,5.133972991442679,119130910,1135800000
2020-02-28,5.226356905398988,5.188244068073743,5.257265841657134,5.142736961216179,213012593,659400000
2020-02-29,5.191920874062238,5.186624348125355,5.235768763792253,5.132178500242998,396342548,1005400000
2020-03-01,5.193907797517542,5.18743780657855,5.228103284947846,5.130912660542812,312776092,729800000
2020-03-02,5.194765133013689,5.189538958227882,5.195069035442234,5.156482687604904,411917887,1210100000
2020-03-03,5.186473335599261,5.188940570575757,5.2439923095300465,5.151821138861938,449153648,1366700000
2020-03-04,5.218315408370743,5.190136803063438,5.218315408370743,5.116341482076796,248936153,606100000
2020-03-05,5.228168259117737,5.188026845174023,5.22947036707924,5.152142548134991,251539743,905300000
2020-03-06,5.212830287032522,5.188449575751085,5.256939532113929,5.113565267691317,122697846,745700000
2020-03-07,5.166696590226768,5.188176411941483,5.2123581266095185,5.05913456735996,173698193,516100000
2020-03-08,5.140616884040764,5.187358143268182,5.22079378304476,5.140616884040764,130751602,595600000
2020-03-09,5.172016364564933,5.189134241495882,5.189355660872172,5.104345849441961,137429522,729200000
2020-03-10,5.137734642774922,5.190371562432869,5.259391439413617,5.137734642774922,253628490,1629000000
2020-03-11,5.243826320225424,5.191925410328278,5.362696531981207,5.093302564101662,166030480,769700000
2020-03-12,5.183946864117008,5.1913602599972535,5.270142925914297,5.152567766344311,236044331,763100000
2020-03-13,5.184880081102834,5.191438868156148,5.19834656285837,5.109515959630331,389141206,1486000000
2020-03-14,5.171337481170189,5.193021646192844,5.303820860302324,5.166064293120663,160260824,950600000
2020-03-15,5.222234892634372,5.191635759946449,5.301986771322879,5.093227261905897,367323360,1660300000
2020-03-16,5.174967443369079,5.191810258696532,5.265266580500733,5.170456453414461,318946057,1872400000
2020-03-17,5.21552981237514,5.1921747465947075,5.278917576820957,5.165724638759824,345823357,1315200000
2020-03-18,5.155166946213475,5.191213598388967,5.214821830788067,5.130910649913708,444110292,1315900000
2020-03-19,5.230209378630916,5.1904750204429835,5.282898566638199,5.16660968867233,141951169,1693800000
2020-03-20,5.1810280270323075,5.190358748791907,5.245776342428862,5.171521391251588,369944995,1332500000
2020-03-21,5.22380295324577,5.191404693748386,5.285484366515719,5.1114380600192835,253849894,762200000
2020-03-22,5.259307467884429,5.191367098922688,5.305501378450701,5.106231098246961,372293835,665600000
2020-03-23,5.143601976889851,5.19369468061672,5.229814886895935,5.143601976889851,286355374,1852400000
2020-03-24,5.2209232309028115,5.195964131633895,5.228215080894223,5.193653689370727,225930095,1339100000
2020-03-25,5.185445466480484,5.194117605989292,5.1973406286463755,5.18428206854972,219980314,1623400000
2020-03-26,5.218220833830148,5.194890279136332,5.218220833830148,5.1176643323460835,272670830,1993600000
2020-03-27,5.195692307352307,5.195552666501302,5.263920063324256,5.18049385986754,263190477,1853900000
2020-03-28,5.185517970437751,5.193700018342277,5.201565078973501,5.185517970437751,341527317,1269000000
2020-03-29,5.186380133206845,5.193565611540252,5.199576950255031,5.134013887127546,117996923,1095400000
2020-03-30,5.198320874694285,5.194570270032536,5.268556932565423,5.158889749096339,450223657,515600000
2020-03-31,5.229091363298535,5.194409125551828,5.229091363298535,5.097733404823829,314525903,1735200000
2020-04-01,5.1625186693633704,5.195441923750448,5.233630404639265,5.151932599104447,365460848,1786900000
2020-04-02,5.198019520744701,5.197834309335607,5.207029089431634,5.134704090316785,299429445,1357100000
2020-04-03,5.191925160202463,5.199203041162493,5.205775275097638,5.151086489891984,365655882,1247700000
2020-04-04,5.145863160339919,5.200379632040477,5.2222658993133635,5.145863160339919,106622386,1599400000
2020-04-05,5.228067253368613,5.199932791717009,5.236938348634044,5.187628614381569,479975955,753800000
2020-04-06,5.213475615917438,5.198869617334377,5.291377986215622,5.180537444096964,214838399,1983200000
2020-04-07,5.185690188116466,5.198765688721523,5.201049947953709,5.185690188116466,245286021,1593300000
2020-04-08,5.2620268415479705,5.20112838851047,5.2620268415479705,5.186705610359438,207247670,1036600000
2020-04-09,5.18880180128912,5.2016082980957865,5.281509205454699,5.156568069693429,242077633,1398700000
2020-04-10,5.222201566192995,5.202246398468471,5.222201566192995,5.1925304737094296,383470686,1007500000
2020-04-11,5.210007946911175,5.203520616422405,5.266019147458932,5.1353714959290935,145010780,1888600000
2020-04-12,5.229632250064704,5.2043050030940865,5.233914498442526,5.155810158171159,341535826,1385100000
2020-04-13,5.216833803972924,5.2028527407160645,5.216833803972924,5.187393703215755,293214647,1356100000
2020-04-14,5.161485971738231,5.203046888903783,5.211138078717924,5.135501565232635,379882320,1944500000
2020-04-15,5.2174427079328,5.203769075628014,5.2174427079328,5.182109022607045,344035948,508300000
2020-04-16,5.269158979682701,5.2066657734744215,5.269158979682701,5.048715019962846,339084737,1027300000
2020-04-17,5.217010047419322,5.205815194218749,5.245976483414588,5.189236203364125,197588810,723800000
2020-04-18,5.214303585500419,5.206082633899979,5.227325994983957,5.186895634523081,105558484,942600000
2020-04-19,5.21043847686332,5.205882417887259,5.2588418620807955,5.1469734008490144,116285112,1731500000
2020-04-20,5.200072875113633,5.207755322293151,5.258003799055089,5.184099266053791,299052596,1208600000
2020-04-21,5.173625824563532,5.207470843009375,5.269642520969514,5.173625824563532,216990138,1165400000
2020-04-22,5.1921898777385795,5.20667931331352,5.245588039819265,5.142804699511967,406087263,609300000
2020-04-23,5.2512718077877825,5.208238360778925,5.2512718077877825,5.199058804753976,361049460,1620500000
2020-04-24,5.216701912582494,5.208208990016326,5.229358848039436,5.102351843391914,367891931,507000000
2020-04-25,5.194677342047461,5.209278473435341,5.211501440896165,5.061040815861122,254543152,767300000
2020-04-26,5.251088556389658,5.208951323442948,5.251088556389658,5.189435391118301,487805386,754400000
2020-04-27,5.214084765844148,5.210115821496434,5.240865882831969,5.177088194620498,436743323,1375500000
2020-04-28,5.194614467598565,5.212304972557153,5.227974208164129,5.194614467598565,368781752,1529300000
2020-04-29,5.206935645248282,5.213657494405203,5.2673703926501645,5.114117675566673,286619743,1443300000
2020-04-30,5.215280019701313,5.214103456632533,5.286926632333189,5.212063288300465,301666566,1655200000
2020-05-01,5.208216038404085,5.214853582105954,5.232990082333338,5.164452933784346,410785168,1651800000
2020-05-02,5.2364578500672305,5.2154942795887775,5.2364578500672305,5.14098855991127,117489277,1686400000
2020-05-03,5.219503393371965,5.215990394483055,5.334182333255343,5.096300430417765,424574606,1131200000
2020-05-04,5.18853982247518,5.218949344633458,5.266568272993328,5.1574938804440125,133682985,1516600000
2020-05-05,5.184675880453144,5.218693033447294,5.268533440605145,5.184675880453144,178123918,1609600000
2020-05-06,5.207980985419007,5.218063396869295,5.3067478279620515,5.207980985419007,103065177,998700000
2020-05-07,5.265565369705815,5.21915385389747,5.265565369705815,5.166964473437556,217407835,546800000
2020-05-08,5.245449627324905,5.2197615520558776,5.2557866600568355,5.211464240122858,478873463,1053100000
2020-05-09,5.215118916813438,5.22051154643892,5.309709814630093,5.20404809888887,230265664,1413300000
2020-05-10,5.233526654338392,5.220006050693326,5.252540333469247,5.20371366193087,382597353,1929500000
2020-05-11,5.25838070949164,5.2213113872336985,5.25838070949164,5.176685292894062,156576083,876500000
2020-05-12,5.220742741009737,5.22158807189198,5.29367130123663,5.166361327644935,219836435,753300000
2020-05-13,5.2597316080281695,5.222921480444867,5.2597316080281695,5.205889425045716,167198863,1513000000
2020-05-14,5.236227996228192,5.224980770922115,5.311691982872758,5.18935373366845,171228368,1385600000
2020-05-15,5.235714235595857,5.226235892379623,5.259416073940555,5.124772405653726,363607281,1518200000
2020-05-16,5.198717847200817,5.228737701579527,5.284257854560716,5.1745321766991,328970925,1949200000
2020-05-17,5.247214771623,5.229914740763462,5.276950959703018,5.14034706350632,344549475,973000000
2020-05-18,5.2392586784750055,5.230301367633435,5.2392586784750055,5.213664156766132,316212262,1843600000
2020-05-19,5.270428357656321,5.231623067833453,5.351674515136416,5.221495312453478,152251468,1095300000
2020-05-20,5.218295059225229,5.232816179756488,5.266375013490172,5.193418284587673,394248272,1940700000
2020-05-21,5.240152761030777,5.232965067905869,5.27446699840525,5.162999545705832,339872403,856100000
2020-05-22,5.240225562008873,5.233116634110717,5.316542482561249,5.220217217866347,368808100,1526200000
2020-05-23,5.2297087745332025,5.232997703243923,5.311937632201168,5.184509842792382,232611814,1929700000
2020-05-24,5.2259799756939636,5.235111415779258,5.258228775383592,5.186458479186825,359273834,923700000
2020-05-25,5.241969080037097,5.2349174902662625,5.244604256863023,5.230005245620354,101506851,1548100000
2020-05-26,5.20333293215242,5.236041146150353,5.26147408937237,5.20333293215242,196164235,752400000
2020-05-27,5.255014489844606,5.234398177533783,5.311119410561406,5.232830482727993,417043864,1115000000
2020-05-28,5.199181371440839,5.235744075377875,5.239911218489649,5.199181371440839,450220488,758300000
2020-05-29,5.305846006301749,5.237082845550216,5.3096817027316625,5.177186106227941,104814278,941200000
2020-05-30,5.228461670697234,5.239399495657128,5.256671225196011,5.186705476770309,432042327,1485400000
2020-05-31,5.2270319408772075,5.241452547101524,5.246416875474634,5.178368372797568,491612423,960200000
2020-06-01,5.228458005226,5.2426801184015925,5.2602702867172635,5.206048056548005,299224076,509500000
2020-06-02,5.251146795311978,5.2423597417984835,5.335204927447287,5.200829579697757,237663624,795400000
2020-06-03,5.2629809045564055,5.2426082941780665,5.310530888461026,5.219366153310421,455161175,1273900000
2020-06-04,5.259390207637729,5.243291289958938,5.312246041844774,5.136665809564855,270172211,722000000
2020-06-05,5.19767473076353,5.244091818804271,5.273452474246939,5.19767473076353,304530243,945100000
2020-06-06,5.262203553256057,5.245099678990691,5.335551036968609,5.219428892327337,360148635,728300000
2020-06-07,5.253405199489535,5.246858506111592,5.30051202696748,5.228574721632458,137199998,1434000000
2020-06-08,5.2446340035058405,5.2476223406299685,5.279847490630023,5.182994071766946,104083496,1221100000
2020-06-09,5.2320135116600435,5.2456353249631285,5.257504315630517,5.200499858100515,197205491,1875200000
2020-06-10,5.22477175070101,5.245599525866032,5.27876571545549,5.208298086425754,149685534,1611800000
2020-06-11,5.2197055623462045,5.244320603489205,5.249311272716165,5.197221655297759,476986550,923600000
2020-06-12,5.272039216412146,5.24460200254394,5.272039216412146,5.125345398328767,332439533,567500000
2020-06-13,5.220593801767895,5.244139556038062,5.260079212764787,5.1945645570062124,424699089,662000000
2020-06-14,5.263765236195565,5.243936819570101,5.263765236195565,5.240338255051044,307528143,1251000000
2020-06-15,5.296300773539285,5.245075191189,5.296300773539285,5.222772580405424,310308206,1256500000
2020-06-16,5.246113411171974,5.245301140057159,5.251698972361046,5.21416475829215,153914920,500500000
2020-06-17,5.255858315743304,5.244955942550374,5.348354139476976,5.241292961880169,159006204,1805400000
2020-06-18,5.269496357618773,5.245754275057747,5.269496357618773,5.240985465849008,326586637,1625900000
2020-06-19,5.233026624758755,5.247400629265708,5.274934179926093,5.214119193732467,411547658,632700000
2020-06-20,5.258055506476699,5.2486861033514804,5.310560911485568,5.239383102551489,450370478,605200000
2020-06-21,5.21333665426374,5.249642198146874,5.3402299770785,5.197535907206976,497716460,1440600000
2020-06-22,5.261647181811639,5.252037865767667,5.298512030364764,5.168072844268646,329051681,1591600000
2020-06-23,5.328455923782048,5.253254525008033,5.328455923782048,5.173701396467642,113320337,1671700000
2020-06-24,5.2863430328064425,5.2530566762062785,5.2863430328064425,5.2184122468850065,260675728,1750000000
2020-06-25,5.253408246979332,5.254181541794877,5.287839965524969,5.23469131654722,114628913,1046400000
2020-06-26,5.222671403319347,5.253296250925752,5.27038100279009,5.220385487915312,345428061,1999800000
2020-06-27,5.275733034687772,5.2541576489054735,5.293310274634445,5.225331195328282,306044625,681000000
2020-06-28,5.192178554048859,5.25383701751847,5.298266532252425,5.192178554048859,420125298,1655000000
2020-06-29,5.259764115759148,5.253596642635425,5.314181884650956,5.247986778031453,311953524,756200000
2020-06-30,5.2640193336946846,5.25355909756603,5.273707667757541,5.176074928028803,106433919,951600000
2020-07-01,5.26047467750756,5.25451523731368,5.291867167714979,5.200090962111595,256312197,1406600000
2020-07-02,5.2742396103460365,5.254937181429814,5.2742396103460365,5.229156134651795,484100328,645800000
2020-07-03,5.25171616100301,5.255085549702221,5.331045988590749,5.226370858262876,491085194,1201600000
2020-07-04,5.261570953033044,5.255037216807804,5.368403917958485,5.234790893503314,342433597,764700000
2020-07-05,5.204890609094408,5.256220942484063,5.2920103885360525,5.148296162744424,381986203,1714400000
2020-07-06,5.2649625805661975,5.25807295252635,5.292568338617457,5.24175664917169,142587945,639100000
2020-07-07,5.2681887967501675,5.258813102507673,5.324519651716853,5.1688732700084445,189366283,1663600000
2020-07-08,5.240996442351581,5.259668513241286,5.262190505517733,5.204580440627469,276053376,1129900000
2020-07-09,5.258540261435056,5.259778441408594,5.262353922316212,5.256227214145855,264450477,1827600000
2020-07-10,5.222177284061909,5.259542614065903,5.396163315980412,5.205511843447813,123871319,637000000
2020-07-11,5.277714728971227,5.260987259943771,5.277714728971227,5.252348502305823,364229561,1342800000
2020-07-12,5.241611241253278,5.26073535875117,5.261765661042616,5.241397500573841,250805059,1430600000
2020-07-13,5.271122128689306,5.260020832424034,5.286313361049674,5.246716042312017,323058042,1597200000
2020-07-14,5.189715613906665,5.258136249829694,5.302850727268333,5.189715613906665,206331024,623600000
2020-07-15,5.2790927868564115,5.2592205478661525,5.364497634174663,5.2280226588132805,161340169,1327000000
2020-07-16,5.26191553632198,5.260396552300486,5.330475883064105,5.251501521787639,181518805,1704400000
2020-07-17,5.217350030901784,5.260633971673434,5.293364239684203,5.217350030901784,259691120,1137400000
2020-07-18,5.252673410840194,5.259069990042727,5.304928832184426,5.252673410840194,412884849,1297900000
2020-07-19,5.259334219077723,5.257840416408604,5.264880763495653,5.243232659943572,433656301,764100000
2020-07-20,5.276928394000668,5.258123018875826,5.333620048744,5.215555301702692,239536550,908200000
2020-07-21,5.233664460921628,5.25978791207723,5.292707951850301,5.233664460921628,150470339,942500000
2020-07-22,5.216103291030505,5.25979904073595,5.267545606124313,5.182969566067684,228707925,767300000
2020-07-23,5.246081281282587,5.261356801894536,5.308081568705427,5.183270188565566,156440241,1272100000
2020-07-24,5.277999546542372,5.261925650758493,5.3312167631575305,5.201315732518731,360277068,1460700000
2020-07-25,5.277598806883027,5.263300778156763,5.298883413837916,5.182597297294193,181661757,1438300000
2020-07-26,5.286596040380564,5.26371088989649,5.302469203834192,5.25030607260881,294192292,589900000
2020-07-27,5.288054799611944,5.262579560458002,5.288054799611944,5.2579911049059955,345000809,1624900000
2020-07-28,5.28226684953618,5.262971918877598,5.296957706838087,5.228343034295367,108060100,1767400000
2020-07-29,5.259796276282202,5.263397587129815,5.331862832952727,5.165368056836256,197287252,1134500000
2020-07-30,5.248046570661475,5.265967274248043,5.387453528062084,5.248046570661475,314852112,1066300000
2020-07-31,5.28179983467505,5.2660996421273305,5.30633737838537,5.24958166576117,477011879,1920400000
2020-08-01,5.303840887672888,5.2660359636584015,5.420275987638887,5.224935174993009,457700489,1974100000
2020-08-02,5.234616005966299,5.26659471480591,5.304182936079778,5.234616005966299,373584136,628000000
2020-08-03,5.285056431488344,5.26736347668983,5.286416426038086,5.26667186930621,404009870,1105200000
2020-08-04,5.268341001194859,5.268841476236012,5.310182145462915,5.226242433258087,352901594,1461600000
2020-08-05,5.248974969020379,5.269800946076605,5.297820241076033,5.248974969020379,297736086,955900000
2020-08-06,5.243975045525338,5.269463212409363,5.313650635426125,5.243975045525338,358223207,827000000
2020-08-07,5.291091715667461,5.273382734106734,5.309487372974648,5.2398177290388075,164904229,636900000
2020-08-08,5.2774250567666465,5.274325844110481,5.355512951585222,5.272128668250047,282732652,1124700000
2020-08-09,5.264587888383421,5.274433060357232,5.2996168990731185,5.263929089443477,181394194,908900000
2020-08-10,5.267740500808697,5.274891750347993,5.295472577136824,5.2070259285034215,258347633,962600000
2020-08-11,5.295353589196122,5.276274990512925,5.295353589196122,5.258734817306896,380415988,1777600000
2020-08-12,5.3268515732378265,5.275470298663886,5.3268515732378265,5.262878791629926,192627651,643100000
2020-08-13,5.251541261760611,5.2758444242203915,5.307684299705896,5.246043873787623,372128047,1500000000
2020-08-14,5.270834985803254,5.276115442901251,5.2927288100958725,5.169697266132316,219648329,967000000
2020-08-15,5.218131461667393,5.277901370725027,5.367457378147463,5.218131461667393,332494149,1921300000
2020-08-16,5.27633998029973,5.278320479270757,5.356954616339096,5.227308335711523,283658583,636800000
2020-08-17,5.255177939596328,5.280642900307839,5.320519187568095,5.211928047530139,119331439,1846800000
2020-08-18,5.225730594309909,5.279484645048347,5.30655491515701,5.185252432996406,445344508,1697200000
2020-08-19,5.30248486612403,5.280577995002859,5.329555776248166,5.246289158076193,135313547,507000000
2020-08-20,5.258812336034201,5.281108366149838,5.287857059925852,5.216347563015321,225456127,946100000
2020-08-21,5.253342904471977,5.278400310158753,5.291308982500285,5.253342904471977,303081886,1102300000
2020-08-22,5.238384315459164,5.280019537110175,5.375912306746603,5.128838703451614,478145050,590500000
2020-08-23,5.268149021915882,5.281453907560974,5.341145363854989,5.24008075103297,389217224,676400000
2020-08-24,5.257595924618266,5.2837062845315685,5.293886776969228,5.257595924618266,183861055,1345700000
2020-08-25,5.261144537693382,5.284599280514729,5.290309559825698,5.261144537693382,218254686,747700000
2020-08-26,5.284571027605375,5.284333610175521,5.315462074930705,5.198773123726146,261944687,1808100000
2020-08-27,5.2684574436123635,5.284859515876345,5.293631449385179,5.2684574436123635,416064215,1079200000
2020-08-28,5.2592692895875786,5.284954791981394,5.34663744514535,5.2592692895875786,266480872,860400000
2020-08-29,5.265427659537124,5.282999360748807,5.316547805469794,5.265427659537124,198204569,946800000
2020-08-30,5.244213122995379,5.283064469211867,5.3755943102944475,5.244213122995379,119313229,1436700000
2020-08-31,5.283969377169639,5.2829444765178115,5.305005389767805,5.220347513290491,314297382,657400000
2020-09-01,5.274487862555421,5.283032541753413,5.308658836621625,5.259830094413169,109485199,1118100000
2020-09-02,5.293304637188348,5.28476748331872,5.293304637188348,5.216775275962688,356777247,1981200000
2020-09-03,5.282951320610467,5.2854596457132645,5.288035860875273,5.259626661812819,317357426,948000000
2020-09-04,5.292455224194402,5.287922176179223,5.334201324910668,5.255957733766872,451211646,1766000000
2020-09-05,5.272601458464661,5.288980496091449,5.326238666564104,5.272601458464661,150137603,1803100000
2020-09-06,5.295345926093459,5.289735534139647,5.3281572773392085,5.220550397395614,118810247,656800000
2020-09-07,5.234276019456819,5.289630653323775,5.321938904846431,5.187147653637646,271102176,1612400000
2020-09-08,5.282500712393942,5.29153371870577,5.303139975109203,5.160672210145489,202438647,1453100000
2020-09-09,5.260222674406729,5.289741599664329,5.338863736587428,5.160511284865573,256524574,1195400000
2020-09-10,5.257103086148876,5.290355122532467,5.3138811057693145,5.257103086148876,322233129,1716800000
2020-09-11,5.268428108965229,5.290883807324733,5.374649184397513,5.256343234882608,319893643,1327900000
2020-09-12,5.267040311103654,5.293725654419414,5.330083750038579,5.248542350272871,346553181,1727100000
2020-09-13,5.282659574610583,5.294154615548433,5.319611346528328,5.2081463044732965,358834829,1851800000
2020-09-14,5.304810827613093,5.296436390889508,5.340201593561204,5.234427511292735,286780011,765000000
2020-09-15,5.257249354532371,5.2976550985859205,5.335609749201801,5.257249354532371,298608288,1466600000
2020-09-16,5.331413619571525,5.299226443031701,5.364770269222768,5.194549162854889,223393366,1108200000
2020-09-17,5.3194560445947205,5.29912008545069,5.3194560445947205,5.28505822711051,222606495,992500000
2020-09-18,5.3106926393399965,5.299223838433994,5.314446612176821,5.261006062731143,387975830,919000000
2020-09-19,5.349339660924739,5.299217439518883,5.37357238090234,5.175676012413315,150069328,665600000
2020-09-20,5.309933482704103,5.299073299513146,5.323093125546571,5.170843092768796,424075091,1789400000
2020-09-21,5.301954612530836,5.299037561040513,5.363742557336807,5.279174194761295,325591444,1382900000
2020-09-22,5.295187966588784,5.3025103021261755,5.31309872538505,5.254367766817562,275356430,1723200000
2020-09-23,5.328282423915865,5.301922440197097,5.328282423915865,5.1803503047130945,169203376,893400000
2020-09-24,5.24422534639485,5.303785270049754,5.382529851691319,5.24422534639485,278249621,1263900000
2020-09-25,5.324319840288073,5.304942320412159,5.342220956243616,5.287688606834796,168271691,814600000
2020-09-26,5.295676502073126,5.307206929740357,5.3247085255198465,5.276225341630364,121232040,1893800000
2020-09-27,5.324631654855661,5.30805116804809,5.334540126935399,5.288021071880536,395052771,535300000
2020-09-28,5.33251731550482,5.308205406215072,5.33251731550482,5.275911044753157,112697445,1685000000
2020-09-29,5.309822272254767,5.307632158526792,5.381102901473618,5.27779616887973,374058661,1445700000
2020-09-30,5.312344759668302,5.308435876599536,5.323025105879468,5.2717969330783925,394108161,1578300000
2020-10-01,5.313043452760319,5.309641178323951,5.3416808292959255,5.258411216437985,481012358,1384300000
2020-10-02,5.333767938852267,5.309680766993882,5.333767938852267,5.25035660936793,261340840,520100000
2020-10-03,5.27227514143127,5.309642454029478,5.375234383934451,5.243903761881406,216194408,958200000
2020-10-04,5.286047308400433,5.308620399285612,5.3689264070244525,5.243379877059787,374981120,1098700000
2020-10-05,5.338054212889464,5.310200639544028,5.341052466599767,5.280552715325404,101130609,1238400000
2020-10-06,5.270907283630084,5.311214732649883,5.3785402951769345,5.256597443627695,273277161,765000000
2020-10-07,5.315160343280428,5.31186532445481,5.3223839040910566,5.245081268630735,370955306,930300000
2020-10-08,5.308297933771529,5.312771033165627,5.356440189121715,5.299935052321907,468226644,599800000
2020-10-09,5.29767423239947,5.313279632367346,5.366531868762104,5.2539154065766605,483599403,1225200000
2020-10-10,5.232490920384001,5.314205613873392,5.330534173402806,5.232490920384001,146855492,1197800000
2020-10-11,5.342983160932853,5.315343291224826,5.39987855877589,5.281463268728012,230495243,1927700000
2020-10-12,5.318289786831512,5.315760459507792,5.359030848928319,5.234887368574025,400198446,1534000000
2020-10-13,5.298561555959646,5.316246346402407,5.391069689687292,5.268439605923267,445347457,791600000
2020-10-14,5.309556949470265,5.315765492789026,5.3363421426311355,5.284301883540117,308815928,503900000
2020-10-15,5.277324364017212,5.316249843510413,5.343666317413064,5.25571546684431,430632735,1516500000
2020-10-16,5.350054555087479,5.3163812074134364,5.357400532766279,5.2535225895009265,470877719,1527700000
2020-10-17,5.308782912952134,5.3171752659936296,5.334542146954075,5.282163780630275,115739917,1228800000
2020-10-18,5.319144075840398,5.316877444686637,5.342562971987831,5.244032616219253,121326630,1614500000
2020-10-19,5.32507265023626,5.316618287896689,5.3336017230043185,5.287877711659383,328527911,905200000
2020-10-20,5.30351352399065,5.317719755821103,5.366192603543867,5.291927062919556,164088686,1569900000
2020-10-21,5.349238271826468,5.320469029179842,5.349238271826468,5.245593166731798,439878004,729800000
2020-10-22,5.316644327334926,5.320655373581147,5.376571983268488,5.290565310684692,243999838,1999100000
2020-10-23,5.295262779737642,5.320836261423457,5.401161841831122,5.295262779737642,357648826,1828500000
2020-10-24,5.317342567975848,5.323374880344268,5.355395958468562,5.301260017216748,305663008,748100000
2020-10-25,5.333325272730408,5.324954102390217,5.416788770074885,5.307411871216825,223190395,1969700000
2020-10-26,5.37317995995609,5.325696247782527,5.37317995995609,5.322948180520711,133526673,757300000
2020-10-27,5.340622257646065,5.324762789285116,5.3614827883359695,5.318820016229747,296073484,1835400000
2020-10-28,5.348769018677521,5.3269694590515195,5.357007080059971,5.270146325995786,136415814,1140200000
2020-10-29,5.305475686717343,5.327493271563339,5.333417940699355,5.300967531821135,292310234,1679500000
2020-10-30,5.280795985649672,5.327184521907835,5.356088968924763,5.256689986410761,293798760,1238400000
2020-10-31,5.3182061725695995,5.32830532270547,5.359105971506651,5.3182061725695995,246446948,1881600000
2020-11-01,5.357534491559482,5.328825247128315,5.402416257020414,5.277196137114856,219632459,812300000
2020-11-02,5.328418493615802,5.3291568514390075,5.332287873372799,5.304838428062163,440751470,1312700000
2020-11-03,5.315204779865559,5.328622958041125,5.389050686670654,5.264643191713447,300508206,774500000
2020-11-04,5.385194680181368,5.329091232284952,5.385194680181368,5.24433613437952,215010193,998900000
2020-11-05,5.325020231187059,5.328998604481281,5.369158409095765,5.255715315652873,232144707,973000000
2020-11-06,5.304214599765289,5.329800132082774,5.361738897343503,5.280046902861921,266167077,1632300000
2020-11-07,5.317256190647372,5.327015305863464,5.399959268612016,5.317256190647372,166859029,1213200000
2020-11-08,5.314738001569346,5.327682697832288,5.406386975194975,5.314738001569346,247409589,1385000000
2020-11-09,5.311021116609149,5.329671287466779,5.382017440973883,5.311021116609149,431021492,692100000
2020-11-10,5.309195710309842,5.330869448530732,5.338806680612383,5.25772720596692,258455710,1614100000
2020-11-11,5.29913309252402,5.331504651629312,5.34256220143119,5.27075452653939,360768078,1421100000
2020-11-12,5.374489310495111,5.331973156286876,5.374489310495111,5.258114827027841,364946685,1789800000
2020-11-13,5.319841384491732,5.33332777794733,5.388412941542326,5.319841384491732,452369716,1587600000
2020-11-14,5.333266750383865,5.335803756260393,5.430239227306962,5.250544810821582,259281686,786700000
2020-11-15,5.3135425810432215,5.337593244983064,5.374961601725244,5.291723897400984,495730094,1855200000
2020-11-16,5.308037060848209,5.338529863334463,5.408663580410252,5.308037060848209,238867860,1288200000
2020-11-17,5.364750701280547,5.339866863158313,5.372481424347631,5.2695331747088785,196920475,1384900000
2020-11-18,5.340237620657005,5.3417400556154915,5.351713023990232,5.3059089864748925,493264803,1335600000
2020-11-19,5.33605961571826,5.342490537626502,5.366498880435879,5.325696028680629,450167893,595200000
2020-11-20,5.356335892165639,5.342280978628926,5.417627711813492,5.3263480298482975,477839123,875400000
2020-11-21,5.358716509013696,5.342394262971233,5.411519369555497,5.310081387646512,119332403,557800000
2020-11-22,5.3310659027360545,5.342198656617201,5.3880388564778405,5.290606915293739,357840625,1848600000
2020-11-23,5.342491704251224,5.34275545365106,5.370481226559129,5.342209399712419,384763523,650500000
2020-11-24,5.3564982191893495,5.343153328006952,5.377043424746184,5.327984676580607,243451659,721000000
2020-11-25,5.3573889660190295,5.344753835281895,5.372020449298716,5.259170471962307,427954568,735700000
2020-11-26,5.330663409991413,5.3450041660303835,5.380143685007573,5.32276073210112,232600287,1009800000
2020-11-27,5.367731269343006,5.345166500620018,5.405562219714131,5.32930247045889,243220939,1123100000
2020-11-28,5.380512597503066,5.346510464698221,5.43200322681805,5.337019036707183,218119020,898600000
2020-11-29,5.380066290277477,5.345256733754679,5.419146633793248,5.3309091535569895,401427710,1076400000
2020-11-30,5.379323915867816,5.346082942537658,5.4509679692513,5.306351282018338,189635331,1802300000
2020-12-01,5.314787620271861,5.3470534692480935,5.426302063175329,5.299200436858021,428247133,1491900000
2020-12-02,5.365481313582033,5.347336214277411,5.375215464507577,5.325114296663262,195265256,1208200000
2020-12-03,5.355857710109537,5.346517688829297,5.363708332918074,5.315841320680829,176628424,1955800000
2020-12-04,5.357047747978685,5.346650800706309,5.357047747978685,5.243682725021763,261084192,868700000
2020-12-05,5.376759074943359,5.348254871615941,5.426386445595566,5.261850382319563,302691059,1368700000
2020-12-06,5.292096956448424,5.3487054835457295,5.386575221356125,5.292096956448424,444925541,1906900000
2020-12-07,5.341179674515456,5.348896437530929,5.389358513440269,5.325764946129568,436845598,1626100000
2020-12-08,5.32347236090187,5.350151478772732,5.35160563351266,5.32347236090187,118138355,1107400000
2020-12-09,5.362746343858121,5.350559907903008,5.4033462870202325,5.302528117167949,254461090,1867800000
2020-12-10,5.311317352445284,5.351037215853166,5.405622416105166,5.311317352445284,114100153,1319500000
2020-12-11,5.371941190331402,5.351378903869093,5.387433042609798,5.296591451488682,365836665,834800000
2020-12-12,5.342823819344213,5.351911202159815,5.3568062090066615,5.327812743595271,262708265,796600000
2020-12-13,5.362378148844839,5.352527595284129,5.413406630946385,5.300210656062932,406265862,530400000
2020-12-14,5.3637229297555695,5.352346581748623,5.368520604772114,5.336658391927804,250577665,1728400000
2020-12-15,5.344899222761044,5.352011333326993,5.3685954469798105,5.300639500158327,362311876,1958600000
2020-12-16,5.369546873819692,5.352249985841223,5.397793436647848,5.348769619590307,226046596,639700000
2020-12-17,5.370883979699182,5.353144249292675,5.3837364105038965,5.326654857193354,150910305,1237600000
2020-12-18,5.355311449397279,5.353393571916415,5.408278467685387,5.315951555749224,341992957,1613700000
2020-12-19,5.364036511593082,5.353615269780249,5.364551280836605,5.294805925929503,436011144,1556100000
2020-12-20,5.385520586935876,5.354607010400513,5.385520586935876,5.309091780844166,426078630,1252400000
2020-12-21,5.37559258873042,5.355274063433607,5.37559258873042,5.310731466770377,158665588,1975500000
2020-12-22,5.355219585619587,5.356994124586538,5.42685550198058,5.286178770309477,270963028,1000200000
2020-12-23,5.392339440101427,5.3585639453874405,5.392339440101427,5.34582634312927,367843861,1833600000
2020-12-24,5.366403282454245,5.359748411024055,5.441924413590775,5.34622632812431,491442300,1268900000
2020-12-25,5.420534178134166,5.360664923082294,5.43863563318606,5.356311508671276,467173281,952700000
2020-12-26,5.371709838066701,5.361345446167302,5.494551342200551,5.305071767675516,135790358,1889400000
2020-12-27,5.322495465019385,5.361289475739108,5.395475646341262,5.309389216575217,236158574,1412200000
2020-12-28,5.342633692499409,5.361962648550058,5.386565975248146,5.2610903425879565,392307747,1548900000
2020-12-29,5.39434245250556,5.362256936910154,5.39434245250556,5.265652920443909,188250486,1434300000
2020-12-30,5.395142852067888,5.362816891299773,5.395142852067888,5.3236003509085394,439742564,1688300000
2020-12-31,5.37789739708205,5.36479940427911,5.4019461087685245,5.300138629698042,176324789,759100000
2021-01-01,5.352587025565408,5.36625430588686,5.449558578732154,5.352587025565408,162929703,1800500000
2021-01-02,5.3414736698267,5.367203053006234,5.377525224830992,5.3414736698267,434989244,877800000
2021-01-03,5.360328422010098,5.3680762244803475,5.494989846027798,5.320382372362228,139995486,589300000
2021-01-04,5.362617531677918,5.369382543540726,5.373412108611095,5.340594384975852,109230307,1749100000
2021-01-05,5.392712606415579,5.369830753189459,5.392712606415579,5.308587431211451,298479796,1802300000
2021-01-06,5.370884291029482,5.370712141560681,5.3873313262773275,5.335294462579587,363319687,1747500000
2021-01-07,5.350377239313653,5.373298365746364,5.387924638490463,5.350377239313653,166555576,1876900000
2021-01-08,5.389826595074706,5.3751854823501155,5.426883251292758,5.3490117191335305,160115704,894400000
2021-01-09,5.37438329060356,5.375764677390081,5.398143097623226,5.328619874294353,482072975,1627300000
2021-01-10,5.3755170118198405,5.376934495120284,5.399964637021931,5.336975945283862,342646734,1661100000
2021-01-11,5.345595713690825,5.376569155433204,5.415211244637256,5.319317699349052,159374819,793100000
2021-01-12,5.387654877292628,5.378654972644135,5.39682047548305,5.350086127292799,121732832,883500000
2021-01-13,5.410818551569368,5.380760178031489,5.410818551569368,5.369199851520429,206308081,1889000000
2021-01-14,5.40705340579874,5.381491194000794,5.421190272156829,5.3546131484610635,386971821,1190200000
2021-01-15,5.391252533289741,5.383870177462271,5.397923588758838,5.367450450328191,467409894,540800000
2021-01-16,5.370177901909719,5.383546296321028,5.413986952364931,5.288163037843775,242538562,742200000
2021-01-17,5.42556239577697,5.384954757261249,5.42556239577697,5.371504058477307,208637990,1403300000
2021-01-18,5.3326481649085355,5.386520896309481,5.388687049091555,5.3326481649085355,349527208,814900000
2021-01-19,5.388994428931136,5.386159192337409,5.409032042358,5.375428159938722,340008661,1414800000
2021-01-20,5.388954392605057,5.387343964194904,5.431205720284448,5.3012519603852395,161151055,1937700000
2021-01-21,5.332332066840137,5.386760723601927,5.393101174897206,5.332332066840137,370590331,1677600000
2021-01-22,5.3801933495248,5.388196120669526,5.443481428881594,5.304850406485769,146272222,779500000
2021-01-23,5.402556518384612,5.390203377105961,5.4184958618010794,5.2995315416080215,226570969,1313300000
2021-01-24,5.424267739483176,5.3902563548137925,5.424267739483176,5.372262244869392,170764664,1556900000
2021-01-25,5.387715568440659,5.391639364598242,5.404860265551213,5.36898236700263,300035799,894700000
2021-01-26,5.405406907579724,5.392369567996989,5.423479970901475,5.376695694594416,248256316,586000000
2021-01-27,5.431270117417273,5.393567046298748,5.431270117417273,5.364682614249526,281388167,1935700000
2021-01-28,5.4228476011461115,5.392821792053376,5.49158499476123,5.331256269569455,165257469,1816200000
2021-01-29,5.3978945555191595,5.391484393236428,5.463561538337744,5.3361802315539295,284244035,531500000
2021-01-30,5.3898512426269765,5.394021017128237,5.472312199188185,5.330155570496552,266875770,624400000
2021-01-31,5.39836835349682,5.395435938270228,5.473448901449769,5.320763488574041,466963283,1779600000
2021-02-01,5.422005258249154,5.395148502664002,5.422005258249154,5.377777680669031,461096485,1545300000
2021-02-02,5.3663849508226225,5.397381039949003,5.401764081528282,5.3663849508226225,386498471,934200000
2021-02-03,5.39387436903159,5.399145845063916,5.4739942475966625,5.390535156328162,483229099,1776200000
2021-02-04,5.376628434300009,5.399980961357605,5.430950312425492,5.358102672837281,146738529,1438900000
2021-02-05,5.393901488228326,5.399538591499414,5.467548215304649,5.3704452765172785,442439906,562800000
2021-02-06,5.32409681346574,5.400191447144919,5.477358360191077,5.32409681346574,365870681,807900000
2021-02-07,5.377320108078992,5.401166878090214,5.42498495308306,5.365016568000105,310931462,819600000
2021-02-08,5.398718235068215,5.400982377058163,5.415192226087659,5.30495819656673,126244707,1672400000
2021-02-09,5.406985998432767,5.401057001653,5.47287112993691,5.3468655467306085,224339392,1547700000
2021-02-10,5.430430225949475,5.4014502280920995,5.430430225949475,5.384697666103734,447295998,1550500000
2021-02-11,5.4396722380250555,5.40016248497396,5.4396722380250555,5.308208919203535,257387280,1392400000
2021-02-12,5.4310179900685585,5.398867673393734,5.4310179900685585,5.337866426766453,297666176,839700000
2021-02-13,5.42652916366567,5.399702097812694,5.440843362203811,5.326265935270764,118865209,949600000
2021-02-14,5.389149675130968,5.400538195133602,5.470547257808753,5.339787844916431,215807319,769900000
2021-02-15,5.34616612953234,5.400355029220566,5.490904370449572,5.293708875284566,324321533,600400000
2021-02-16,5.368875119641333,5.399795822887814,5.481070981268261,5.331803188036309,460241316,1788900000
2021-02-17,5.368075493736022,5.401066813665546,5.440098567546793,5.362245091853332,414869894,1842500000
2021-02-18,5.409939057120005,5.401501522682952,5.482524462869258,5.3484862267383555,396661929,1114700000
2021-02-19,5.404156225445575,5.402035151851232,5.472424146294504,5.390769576992666,138372062,551000000
2021-02-20,5.413554555421658,5.403133905194593,5.444492576461896,5.339675495884443,499515060,514900000
2021-02-21,5.401319814823835,5.40531806675066,5.447645108910394,5.400657963019712,123144560,1434100000
2021-02-22,5.4308517311780244,5.405569640993532,5.468588248393887,5.39662838368609,256329723,1540900000
2021-02-23,5.348589788239914,5.406469908431119,5.461501438016017,5.348589788239914,423160662,1924400000
2021-02-24,5.41482153843357,5.407512570730958,5.474892070133582,5.385412473430567,454214872,1434800000
2021-02-25,5.460168029228351,5.407843473616295,5.460168029228351,5.379274463607821,189068537,1394100000
2021-02-26,5.387464183801242,5.406349552272455,5.472933962577057,5.387464183801242,402217303,1227400000
2021-02-27,5.40464584544664,5.405827691216623,5.486294630345288,5.385397032658678,289180550,1168500000
2021-02-28,5.375529155207205,5.405977315068499,5.4428169831260895,5.310522333947301,117641774,1490200000
2021-03-01,5.413503502938577,5.405764152311209,5.490548092180752,5.373353088644762,192695145,1727700000
2021-03-02,5.355937650200015,5.406308557005078,5.415115996195592,5.355937650200015,151308882,1108100000
2021-03-03,5.438735347639139,5.406073878621726,5.438735347639139,5.346904431138664,288178490,1706000000
2021-03-04,5.395058346215606,5.406005525469918,5.458512732801833,5.395058346215606,218661156,1802200000
2021-03-05,5.438655137518362,5.4039187795439485,5.454050807450569,5.332213831655125,489745881,1369500000
2021-03-06,5.420946464953596,5.405780246897908,5.434041355638417,5.263937280699878,125662572,1553800000
2021-03-07,5.4040155432656976,5.407388618648565,5.440794106586172,5.380510109984147,204906235,759600000
2021-03-08,5.4138489726806505,5.407484109633956,5.433835315960158,5.404165869478451,426254400,1426100000
2021-03-09,5.4189265425248925,5.407322178356326,5.460581235223373,5.404185534857447,383431139,1600000000
2021-03-10,5.380622591441531,5.409448546112962,5.415307330723,5.306880254492646,166950211,1704000000
2021-03-11,5.413848086694684,5.4103164521489875,5.4446084876420535,5.360714935980926,175836972,1074000000
2021-03-12,5.435627986105871,5.4115700431584095,5.465561995417124,5.339741916625311,362399947,1004000000
2021-03-13,5.36501717252718,5.410113565541849,5.527412794354178,5.265897683351189,445342507,1471100000
2021-03-14,5.406391098600178,5.412003661880886,5.494016510215082,5.406391098600178,144728914,842800000
2021-03-15,5.448742446769347,5.41314969024177,5.534407977679229,5.409289229484013,380896757,1445600000
2021-03-16,5.353751460043088,5.413375474038473,5.452377915492046,5.334864718947862,453211945,507400000
2021-03-17,5.383168015905708,5.414899263383721,5.443073337931084,5.383168015905708,421867974,1736500000
2021-03-18,5.488927641530906,5.414997957040754,5.488927641530906,5.386697604892824,230739743,1141100000
2021-03-19,5.391676485457199,5.412405229009361,5.4158023564464015,5.370011179981575,292684756,635100000
2021-03-20,5.392573234863663,5.413486249875944,5.480326204502176,5.328584920574978,380658214,918900000
2021-03-21,5.412167910670281,5.412933785150382,5.462846276138598,5.384219904120153,244491863,1044400000
2021-03-22,5.3961131487812,5.413232214511779,5.435098773463857,5.341066803128566,371688967,608700000
2021-03-23,5.403519460052534,5.414873293327684,5.416499434833809,5.384524805352578,236927936,1247500000
2021-03-24,5.450599771996201,5.415758293882225,5.450599771996201,5.3789065963988225,412696940,1570800000
2021-03-25,5.4095165986790255,5.4168765393125975,5.437129530809052,5.330503204109209,347182185,1454800000
2021-03-26,5.4314588460925295,5.418108903697101,5.441425031668289,5.330146972665632,418642754,1473200000
2021-03-27,5.412045864136801,5.418326789526099,5.457845882946665,5.339301322697449,484158002,1640700000
2021-03-28,5.452292440660523,5.420116568936745,5.479674555421034,5.339225630764847,146264223,896000000
2021-03-29,5.422919589140812,5.4186247935557805,5.46323900050001,5.39164137373053,479097713,1344500000
2021-03-30,5.403778509000984,5.42070793531165,5.462527006760955,5.403778509000984,270738232,583700000
2021-03-31,5.456526397943579,5.421362236988733,5.466340401328522,5.383594185688323,266137805,1335800000
2021-04-01,5.424985037305264,5.421691824406342,5.463704524552097,5.35375783784773,152858258,1795700000
2021-04-02,5.433506105344439,5.422431951652238,5.438919260853937,5.314465731029719,285157958,1751700000
2021-04-03,5.427867418381999,5.42352104861343,5.487693773408465,5.359299661555472,362211438,1295100000
2021-04-04,5.388617170031051,5.4246772664423695,5.465250930147702,5.388617170031051,129197180,1414400000
2021-04-05,5.467738754207089,5.4244127613811335,5.510223067763532,5.360622705918283,156838947,543400000
2021-04-06,5.404106991923902,5.4244113967942456,5.5087088296403985,5.386944087756937,244695262,1590500000
2021-04-07,5.4466336524906875,5.427001436528545,5.487146686394437,5.402313143294075,324243181,1156400000
2021-04-08,5.41187317477257,5.425900959333387,5.4895874540526926,5.323154697179971,379831663,1336800000
2021-04-09,5.405398782650066,5.4264644766312795,5.4291343881967284,5.397828374814731,153121128,1674400000
2021-04-10,5.435137435399099,5.426701422046028,5.487153387126925,5.40334472977674,498963348,1173200000
2021-04-11,5.447854047018297,5.427665747155015,5.5042655655186765,5.395524529261261,444035093,1618200000
2021-04-12,5.419856164537758,5.427273752823262,5.430989350330525,5.389575223945038,353073190,654700000
2021-04-13,5.449007922737924,5.427826468577479,5.454968250071339,5.3979021764642345,305737720,1645500000
2021-04-14,5.42058708228409,5.429227653479864,5.434496969073758,5.419511490077464,280468644,724100000
2021-04-15,5.440063319996545,5.429832674004984,5.440063319996545,5.40674051821407,423453016,656000000
2021-04-16,5.403756277375581,5.4303077167804865,5.459756907352862,5.37691599830173,485106047,972300000
2021-04-17,5.426100856703466,5.430247319817514,5.460091850667847,5.301453725331561,415428829,1877200000
2021-04-18,5.414550547859213,5.428756441955906,5.475170318808557,5.391099466277698,162476411,1334600000
2021-04-19,5.424344132072069,5.43085778475859,5.5100955575386745,5.329351813288456,158868075,1530500000
2021-04-20,5.422422638958012,5.432675002864595,5.463386543716359,5.387255214254556,436238793,1407700000
2021-04-21,5.455130540353749,5.433094199414499,5.494829131944248,5.349757880068006,382603126,1755200000
2021-04-22,5.439496161581538,5.434779366594148,5.480613167032945,5.349781342552741,287175519,1755200000
2021-04-23,5.468132100274471,5.435643436968519,5.56053492447105,5.41845189341482,499917099,1402900000
2021-04-24,5.464347532864044,5.437692715358502,5.499373486861842,5.402514072664087,295255435,1018700000
2021-04-25,5.380710033607382,5.437157556801856,5.439852793444302,5.375578119604649,413365793,1992300000
2021-04-26,5.450434967212356,5.436932105004779,5.4868497909489,5.389907419098021,202739313,907300000
2021-04-27,5.452179380778669,5.438001059672983,5.480237551077267,5.402793597736567,227048285,1818700000
2021-04-28,5.446512629378559,5.438834600119877,5.446512629378559,5.409656223454645,228813622,1264800000
2021-04-29,5.423969820595962,5.439913700254397,5.528510497258284,5.423969820595962,287782565,1604200000
2021-04-30,5.427755343522724,5.4404505404444405,5.545549215112559,5.345620781290211,202431340,1400400000
2021-05-01,5.473800766385951,5.443031735116808,5.499176057679193,5.432523144380905,434840867,1714900000
2021-05-02,5.409613849448086,5.442233899900522,5.47952931679691,5.33613607579743,442193694,1089300000
2021-05-03,5.405415103623398,5.443543490349162,5.464520067501936,5.393029154120472,105578379,1660100000
2021-05-04,5.462639458685016,5.443518305423449,5.5204460847980155,5.392742786112114,278550302,1980200000
2021-05-05,5.446602657243698,5.443897761896514,5.528043582482667,5.427795994067841,333875427,641200000
2021-05-06,5.458099420660015,5.443642182664889,5.5809833366986545,5.432914741162223,212642147,1140800000
2021-05-07,5.4080208492194615,5.443716413098594,5.5061470317222945,5.395364651036358,130526400,1564200000
2021-05-08,5.427834765779179,5.443537231877492,5.4605039676710865,5.339857310291615,340265207,939000000
2021-05-09,5.412497833786477,5.444635116736459,5.4614109571471605,5.3932256099896065,313999700,844600000
2021-05-10,5.465018241265069,5.4451006094462775,5.465018241265069,5.406042104922194,299540682,1306000000
2021-05-11,5.471179644920237,5.444595023274425,5.4868265834724586,5.414254697719508,276374336,1535200000
2021-05-12,5.459593145488839,5.445753173493178,5.464138480924813,5.3413316338471555,402277987,1276000000
2021-05-13,5.457978013084822,5.44727271218427,5.5413162295137495,5.383605824026485,118140188,1308300000
2021-05-14,5.452978437393889,5.4476029663725365,5.605670990445086,5.360883888940234,229261726,1910100000
2021-05-15,5.476761166967903,5.446902448425671,5.500083121831006,5.441321355207695,132265375,1129700000
2021-05-16,5.415328527147207,5.44914034882626,5.533276244965136,5.415328527147207,134666280,1099800000
2021-05-17,5.483624714183603,5.449641706755873,5.5067319973211095,5.387850821428263,187120434,1877200000
2021-05-18,5.454785935868336,5.4499779316896095,5.45679150694255,5.4451438827295995,357648248,1738000000
2021-05-19,5.462234093644066,5.449758249854724,5.481528728271092,5.2957100893560325,285960993,1068800000
2021-05-20,5.470961026628693,5.4500036967662355,5.533981310674561,5.408281579441559,296506959,1816200000
2021-05-21,5.474686897919407,5.45089455049872,5.525911944234482,5.441044241812572,320766672,1440100000
2021-05-22,5.413828572550046,5.4516636456922924,5.51999339475407,5.413828572550046,320036878,1879500000
2021-05-23,5.430280225248761,5.453210597858658,5.519508883157709,5.40554271388774,201004884,776600000
2021-05-24,5.459859402870273,5.451270182324487,5.459859402870273,5.407684259208023,498109243,861400000
2021-05-25,5.493431265924076,5.451390523018791,5.493431265924076,5.434044386823287,228063396,1728000000
2021-05-26,5.502156830652312,5.4519728406296135,5.505102137072356,5.408936501999952,308339709,785700000
2021-05-27,5.426367514584435,5.451513022004915,5.455700856905279,5.4180340199472825,323856400,1035900000
2021-05-28,5.473722820025567,5.451441828208501,5.524626447605503,5.449241499525084,206208874,1620000000
2021-05-29,5.400617717731693,5.451850580758894,5.468538719958216,5.373526273522598,100354775,788200000
2021-05-30,5.451527456063736,5.452402637860494,5.594389053169874,5.372218272692093,438872761,1596900000
2021-05-31,5.507901793940973,5.452629228567608,5.524857126006873,5.3764065421798515,285484556,632900000
2021-06-01,5.411698095417715,5.452284858465595,5.522932062234398,5.411698095417715,461012801,1273800000
2021-06-02,5.445435792338414,5.451724354267138,5.461198035032521,5.383701786110774,261891108,1576800000
2021-06-03,5.4527511049963975,5.452434602462211,5.479013703401206,5.3845138752887545,425926227,767800000
2021-06-04,5.442922436495755,5.45289752736321,5.490463695145918,5.442922436495755,315079953,1701300000
2021-06-05,5.436149502680818,5.4536726585847,5.5144879879062465,5.43259352943023,283155048,1570400000
2021-06-06,5.468584020049802,5.4561029328481165,5.47285985489713,5.370612197404737,220681768,900300000
2021-06-07,5.463893969195218,5.45701257185218,5.561144437441397,5.454916040597157,229952067,1663400000
2021-06-08,5.456497882497349,5.457147482395715,5.4740826043994835,5.346017608077987,189016168,1577900000
2021-06-09,5.434457084982914,5.4577405583678456,5.525502288545683,5.396018979556047,382435548,863400000
2021-06-10,5.4675407835971495,5.458654327989397,5.511942032017248,5.425389752234592,198866162,1238500000
2021-06-11,5.461510222542221,5.460034307919149,5.498098931289905,5.4548670891059645,424104773,1621100000
2021-06-12,5.453456858838867,5.462164882519599,5.495436193771199,5.453456858838867,281239924,1553000000
2021-06-13,5.466475367273946,5.46264178835706,5.4827308156329755,5.456385395581237,482775945,783900000
2021-06-14,5.437456081478223,5.462673913455093,5.520985629710803,5.415162930006929,493229996,1135900000
2021-06-15,5.460962206259321,5.4628152321747105,5.46691916240323,5.413321459686876,286351281,1805800000
2021-06-16,5.450994403425674,5.465434963596506,5.4748754779506195,5.391518643869045,414183881,1255300000
2021-06-17,5.427363479338986,5.465632836120617,5.537594159248902,5.378052523358188,103905648,1219200000
2021-06-18,5.459176859511715,5.466103077444766,5.513653690968072,5.400647464015886,301994282,1072800000
2021-06-19,5.4189128309644685,5.467544559701032,5.478055606229705,5.4189128309644685,317384868,1048700000
2021-06-20,5.502773971969068,5.4679882757945615,5.551249819675096,5.4063517816621705,129929136,1842300000
2021-06-21,5.455074682067776,5.468266336128738,5.482230022496274,5.418913605364065,219135577,601700000
2021-06-22,5.496078968419258,5.468116284508181,5.521366031868557,5.45543453653328,318567008,813400000
2021-06-23,5.4738822259802795,5.469545452919044,5.4738822259802795,5.438821536590942,174142706,1338600000
2021-06-24,5.482741064105725,5.47164936606974,5.520279168768555,5.466883576492893,400941994,1968800000
2021-06-25,5.5051249237818665,5.473171969117523,5.584078688442254,5.412316859986853,442367845,922200000
2021-06-26,5.499093092955632,5.473768718190107,5.5558964660275985,5.442931647276662,207100332,1001100000
2021-06-27,5.468921446667309,5.473978332179744,5.527213033727845,5.468629478508456,420642190,1153100000
2021-06-28,5.491693596680431,5.47430382934659,5.491693596680431,5.473302814757763,464297506,1383200000
2021-06-29,5.495314293652504,5.4746850967549765,5.495314293652504,5.417342294204211,265326611,1882700000
2021-06-30,5.451647741570347,5.475129793811127,5.523588869665155,5.421848263899726,475127406,1361600000
2021-07-01,5.483435766320084,5.474611402354939,5.497098018109201,5.423911531844406,451846889,546800000
2021-07-02,5.497543760100084,5.475670245267513,5.497543760100084,5.4192187353691015,149805001,1401700000
2021-07-03,5.430541297550914,5.4748400415897365,5.507127391672457,5.430541297550914,465880147,1270900000
2021-07-04,5.528484541103476,5.475834596198516,5.528484541103476,5.402282982286558,216930305,808700000
2021-07-05,5.519550708545967,5.477715110361213,5.519550708545967,5.408269557211646,464630131,1107500000
2021-07-06,5.504178690229034,5.478512783879167,5.590469021992322,5.369566069972555,442840058,866800000
2021-07-07,5.473737072819215,5.479693530898382,5.531841413598722,5.3775893743135885,279752141,1264800000
2021-07-08,5.468228154154512,5.480807328680725,5.5426046566692415,5.364536063852751,453046427,1114100000
2021-07-09,5.523709489358954,5.481160636701368,5.523709489358954,5.401609329325124,499676084,1792000000
2021-07-10,5.453403952837861,5.480717177146457,5.512546285008227,5.453403952837861,243767412,1462300000
2021-07-11,5.46454780600329,5.480851722456977,5.53564713645385,5.46454780600329,459571179,1830300000
2021-07-12,5.535857948216734,5.480744686403741,5.535857948216734,5.468879048777577,250266015,1394800000
2021-07-13,5.478564138519167,5.481602151003115,5.523322115467439,5.435662145162171,382429666,1202300000
2021-07-14,5.4668611541137055,5.480801402571719,5.598168440881377,5.403534155426171,343535031,1602500000
2021-07-15,5.502912254947593,5.480703676292623,5.5049933976102565,5.476199530797961,200833128,1909400000
2021-07-16,5.466380692382662,5.481138444395672,5.493056432898558,5.449977781090156,274753291,1117000000
2021-07-17,5.449015982364604,5.480714962769195,5.5224124786180555,5.364060350455548,396047792,1374800000
2021-07-18,5.504932109846341,5.482407221700973,5.517979547482483,5.391090134328733,318055214,1350600000
2021-07-19,5.558394830239325,5.483506382259161,5.558394830239325,5.479280486279625,392325962,1052800000
2021-07-20,5.516304276556146,5.485973507997179,5.5280453086116825,5.423342945870375,364543906,1731400000
2021-07-21,5.480107627075197,5.486029575718373,5.488088697300095,5.437573133098338,496720228,1391400000
2021-07-22,5.512232008698054,5.48654331297307,5.535952686641459,5.417284396251137,307554161,1855200000
2021-07-23,5.445914849192288,5.485990108391225,5.526270155551802,5.364091680539477,178188912,546600000
2021-07-24,5.454378441065357,5.486933367019973,5.59377763945246,5.4262071511995,388739161,803200000
2021-07-25,5.5204490714943075,5.487514641026074,5.572838145310661,5.364745131074167,105813518,570300000
2021-07-26,5.455992867116827,5.488646412161196,5.540220094956344,5.453881235150242,325940115,720900000
2021-07-27,5.4850901667687815,5.4868790771073,5.5573730150204526,5.438455825210953,248886238,1976800000
2021-07-28,5.523486690928621,5.487530430010287,5.555615739455533,5.48447474593624,294623595,1513200000
2021-07-29,5.49907485406537,5.486639180341181,5.543833658526585,5.423962270524305,283977490,1157100000
2021-07-30,5.471208249097893,5.487492121203936,5.600797799592195,5.3980817924495845,351229420,1161500000
2021-07-31,5.530343014432386,5.48859788002944,5.530378431548483,5.475213706946181,123588148,1412400000
2021-08-01,5.456857869809668,5.488236748643655,5.50641092857496,5.431515636651719,469210896,1800100000
2021-08-02,5.507259256331836,5.489765987602643,5.541533086144766,5.403058702947381,214780283,1439700000
2021-08-03,5.496341684403157,5.491038490059258,5.5349712242848,5.456161052372993,289500731,811400000
2021-08-04,5.470309858750317,5.4895407728214805,5.5142431484513565,5.456978943326175,316805856,804300000
2021-08-05,5.489453738211799,5.490234231261508,5.523661979428268,5.4160941691238955,464540685,1879700000
2021-08-06,5.514117406229174,5.489801250906363,5.542184622360691,5.3852194840136764,400319095,1831500000
2021-08-07,5.50609515097547,5.491675739447028,5.6002064898404935,5.463453085346383,408618959,1154600000
2021-08-08,5.455641761079242,5.490787541375875,5.502335668544986,5.382011922970476,373919138,1277300000
2021-08-09,5.490529100641773,5.4908094095738065,5.563660457401677,5.448317944288296,431808177,822900000
2021-08-10,5.521440709889552,5.491284079439097,5.548084456896036,5.463975730520985,301749290,511400000
2021-08-11,5.5147140182939145,5.4922838198779695,5.586068222941488,5.408356433334029,203593508,1474100000
2021-08-12,5.529646893409487,5.493593754715274,5.583909759040311,5.448046003335667,459242669,1080900000
2021-08-13,5.485149638847186,5.494265672106364,5.54135222948102,5.407132380625623,136212383,1965900000
2021-08-14,5.502153626819225,5.495507079619799,5.570336896615488,5.487919682393579,412725238,713300000
2021-08-15,5.510264345594397,5.495446856052427,5.516326993397751,5.43909729648547,132816080,1465800000
2021-08-16,5.498657557857132,5.4960388588443205,5.666710945159933,5.393023539146,378017750,1497900000
2021-08-17,5.512233582058557,5.496127486655977,5.524173385923166,5.440686758268652,267029948,698300000
2021-08-18,5.515386142914823,5.498366426691741,5.578007987572468,5.39202546070013,240508689,889500000
2021-08-19,5.489127444835952,5.498829713063126,5.5123619499829015,5.452506883493727,281117112,1917900000
2021-08-20,5.575921736781437,5.4998305669157395,5.575921736781437,5.480190053946975,234204809,1827600000
2021-08-21,5.479691625198834,5.501163256707527,5.532767595961952,5.468769041496898,381751339,590200000
2021-08-22,5.5000523807215345,5.500278263744106,5.56571540925045,5.42645479144225,487142761,1219500000
2021-08-23,5.521836350682646,5.501403854768274,5.524606376208682,5.440073334590279,493751343,519800000
2021-08-24,5.502273397103599,5.501160831416233,5.533869736113035,5.389310400259747,265273971,840400000
2021-08-25,5.501944744937783,5.501893180774988,5.50976581912716,5.482327545655435,136071424,1821400000
2021-08-26,5.481903834316763,5.502680065222438,5.554138611456237,5.451761801301283,407142748,978200000
2021-08-27,5.52794414472103,5.503398256665239,5.614539227036358,5.447083786751082,470215151,1469900000
2021-08-28,5.4729583119849785,5.503179868932296,5.551123497378335,5.407061145949765,305917752,1983700000
2021-08-29,5.501564910023593,5.5049233897075,5.524322639809831,5.471204432275765,359700429,1305700000
2021-08-30,5.5095441329559645,5.506866928192507,5.593388770332013,5.506291770246357,130254566,611300000
2021-08-31,5.499054833826071,5.507771690271316,5.518390172422578,5.483205373303777,119021190,1625700000
2021-09-01,5.517770203129508,5.508752605541065,5.525321283826932,5.443529485753435,321078016,1651600000
2021-09-02,5.536505978290217,5.508997848913631,5.576891431319132,5.424249320013961,382221200,1966100000
2021-09-03,5.507170694877199,5.510615467119489,5.567457074827755,5.507170694877199,297263384,602100000
2021-09-04,5.517709281764322,5.512093070910527,5.523343764126637,5.489209668026377,289501337,953300000
2021-09-05,5.515105165793397,5.512755007381685,5.527941679021078,5.434951794956729,476529699,1988000000
2021-09-06,5.529074232013173,5.513026519466991,5.591241844765222,5.505462941580019,361793169,1978900000
2021-09-07,5.507733025703689,5.513437771922413,5.608265281826539,5.507733025703689,274579233,1944200000
2021-09-08,5.504127402956679,5.514558206792834,5.518079856326525,5.503545928440573,118397638,665000000
2021-09-09,5.519994812414669,5.514412160950074,5.522374899258204,5.476689096884885,130564175,1878500000
2021-09-10,5.557533690546181,5.515978694499586,5.602510665177549,5.477802261737095,124935997,1728800000
2021-09-11,5.5289831292288625,5.516752528359088,5.58031358216,5.491136988626106,376984812,1656900000
2021-09-12,5.506833938046779,5.517659489754258,5.624533929262281,5.478773337115143,359923200,1140100000
2021-09-13,5.536999837550073,5.519843902660529,5.544454360326779,5.480142157780885,396427644,1362600000
2021-09-14,5.536866170272369,5.5212132729061745,5.555419014600947,5.468501903377708,244354793,1494500000
2021-09-15,5.532563905144343,5.5222876171805915,5.59085417548151,5.4856488533186685,211611250,1028100000
2021-09-16,5.491746700174244,5.522505840197482,5.531142827655692,5.491746700174244,157767116,709100000
2021-09-17,5.579629758934773,5.523358039625652,5.579629758934773,5.4920206369320415,308814634,513600000
2021-09-18,5.50837070358884,5.526718353233752,5.549349345324908,5.50837070358884,250913786,1057200000
2021-09-19,5.58315416920267,5.529431326829251,5.58315416920267,5.500283023607671,347287628,1437900000
2021-09-20,5.494751854983564,5.5301777122843205,5.6577354724165945,5.494751854983564,454071112,1308100000
2021-09-21,5.536275028508862,5.531986943709011,5.566325680823126,5.517658505593394,381395225,1272000000
2021-09-22,5.517369879236642,5.53355143216715,5.626533393005173,5.497126830048988,322566081,1718700000
2021-09-23,5.541475188104829,5.533513008055019,5.5719084506731535,5.489620932221166,122900547,1489100000
2021-09-24,5.525874627343392,5.534427215731103,5.5421451277738525,5.520975781500903,234720116,1578200000
2021-09-25,5.487442210907224,5.53602126078618,5.541505650207839,5.487442210907224,173090603,1925000000
2021-09-26,5.572911734908236,5.538002173925805,5.572911734908236,5.517402020466194,497709999,1402700000
2021-09-27,5.550075469238805,5.539202155895775,5.550075469238805,5.527285604534405,474058552,1701800000
2021-09-28,5.564414454266055,5.539956833125177,5.564414454266055,5.497758157457653,424631988,900200000
2021-09-29,5.523970577913893,5.5408075605763685,5.5759305171432905,5.523970577913893,437521438,925800000
2021-09-30,5.5156855408935925,5.540844677309464,5.6987237635944235,5.472169553210972,394311678,1110600000
2021-10-01,5.531843432128938,5.54083278658202,5.578146765168935,5.531843432128938,484390778,577500000
2021-10-02,5.552909516618383,5.54178333822822,5.56324104345196,5.498126777377322,196748002,751300000
2021-10-03,5.530396496326704,5.542432638291477,5.551034487495396,5.368310762997378,456783819,1593100000
2021-10-04,5.572611145131206,5.544334345175527,5.572611145131206,5.543036058792252,320023568,1308700000
2021-10-05,5.575850450452343,5.543508509906158,5.575850450452343,5.529154974004718,106175644,748700000
2021-10-06,5.529796532865838,5.544516871127176,5.56308268382427,5.498619377446673,105217618,1130000000
2021-10-07,5.531180513958054,5.545642018371323,5.6045645681917655,5.531180513958054,418121127,1517600000
2021-10-08,5.531933572823378,5.54764950003199,5.568646595653307,5.4439730118404,406259477,983500000
2021-10-09,5.554544692262379,5.548309233978613,5.664311250044248,5.542047770396285,183260552,1066600000
2021-10-10,5.5091184839191465,5.547471311913551,5.550396633736964,5.479569879796574,344179818,807200000
2021-10-11,5.518990115665427,5.548885864721484,5.57748344029702,5.499403472694926,183637892,654900000
2021-10-12,5.6001225987032734,5.548461364088565,5.6001225987032734,5.537899236184889,428005051,1244100000
2021-10-13,5.5306074850757625,5.547537212416253,5.604314680005807,5.528132291646146,356595522,1756400000
2021-10-14,5.501270388433716,5.546525417366403,5.57021920619009,5.482155643457052,246729668,1479200000
2021-10-15,5.543587266824435,5.548074131741065,5.58850422765238,5.498941247134613,272608268,1565600000
2021-10-16,5.5490914846626405,5.548106248689951,5.560419854669009,5.5004660846273765,254885496,1676900000
2021-10-17,5.59387023450077,5.549208812628682,5.59387023450077,5.473542102193396,171258559,1757800000
2021-10-18,5.588002153026626,5.549604971567,5.588002153026626,5.501844371199982,459165869,1299300000
2021-10-19,5.551207798674727,5.549297150642926,5.59060487583514,5.542874057668025,379724170,1189500000
2021-10-20,5.595822152946542,5.550161491128304,5.6852562968642095,5.523146733921511,334028369,1613100000
2021-10-21,5.4876086446700425,5.55039004862536,5.60200762846751,5.4876086446700425,147662244,1072900000
2021-10-22,5.559142894230979,5.551948558243842,5.608841736513863,5.47016737136722,482655299,632600000
2021-10-23,5.559810478405677,5.552467071144925,5.615357254037561,5.489001599255822,389837344,1999700000
2021-10-24,5.500256017463376,5.553753898849754,5.625516263874169,5.482386134958284,231241060,1437200000
2021-10-25,5.5519555709895085,5.554863171261516,5.5842953494548695,5.539999466858342,428855718,1633100000
2021-10-26,5.571421430107198,5.555903972115891,5.612906917562289,5.497496585856472,103954779,1401900000
2021-10-27,5.549149157493336,5.556649259965683,5.591690077880693,5.4553154577749945,342443635,553300000
2021-10-28,5.5279212760102086,5.558390352553856,5.560874096261714,5.522664242154664,181300907,1458700000
2021-10-29,5.53806199897025,5.557967294317698,5.612298459286945,5.524357478420857,350683229,1619400000
2021-10-30,5.527825246980811,5.5589126779112075,5.567803701823525,5.527825246980811,239938807,920200000
2021-10-31,5.535031341787847,5.559712312633335,5.627903908709949,5.462646830323566,367330761,665500000
2021-11-01,5.568623152055719,5.559815610821859,5.634249290954979,5.495485644669399,467836672,1719200000
2021-11-02,5.562956471909466,5.561272776110652,5.606778168948239,5.504534004938814,274125902,805000000
2021-11-03,5.559993377032979,5.561740223794015,5.619658883594451,5.4812518638476755,410821975,918000000
2021-11-04,5.596339288766379,5.5636036914139275,5.628615014282245,5.4652387974158225,452952560,1557800000
2021-11-05,5.556337119308804,5.564742966154442,5.680882250771853,5.545736373413066,168860936,925400000
2021-11-06,5.589205361173694,5.564603165974853,5.602327279017104,5.499825211033444,405409031,1170200000
2021-11-07,5.594561120048555,5.56573293040702,5.594561120048555,5.513624026602504,138742492,1662900000
2021-11-08,5.546388796958064,5.566413389082993,5.582527920452606,5.483237935415805,212336308,1795900000
2021-11-09,5.57032666779654,5.568965599096071,5.587295152531344,5.492285045425733,159818916,559900000
2021-11-10,5.611805701883417,5.570281989489529,5.6178374432946185,5.553940477904446,105436941,1305200000
2021-11-11,5.543929777012408,5.570360001889199,5.620801518933572,5.543929777012408,286357666,1073600000
2021-11-12,5.573035918653442,5.56979366800995,5.6228388301292425,5.529611766180916,451048947,1352300000
2021-11-13,5.605310736405466,5.56946235072357,5.605310736405466,5.559195209887708,314855056,1680900000
2021-11-14,5.5403219157468495,5.569790038402769,5.614804200533371,5.491876071651388,136211578,1503900000
2021-11-15,5.542237981681734,5.569549994967406,5.642496237791064,5.542237981681734,158668914,1660400000
2021-11-16,5.59460769597498,5.5707186766128345,5.696722878587413,5.428191188050899,191741020,1775500000
2021-11-17,5.553987255239419,5.572439687293698,5.639490645414252,5.553987255239419,424336652,1078100000
2021-11-18,5.536500840975349,5.57230325230124,5.590648389782978,5.536500840975349,270951777,1540400000
2021-11-19,5.592310971101402,5.572628050425654,5.648385504268822,5.566097075192641,392948561,1744700000
2021-11-20,5.607634777580604,5.57369418000285,5.607634777580604,5.554266834508562,491018780,1000500000
2021-11-21,5.553374679824788,5.573595880508551,5.5747174106657145,5.436193334994444,313623203,1381500000
2021-11-22,5.5581193510702445,5.5723014917179805,5.585272636787979,5.548089808240779,460936992,1274500000
2021-11-23,5.516975900078393,5.572337549181287,5.575289605359854,5.516975900078393,406870801,1557300000
2021-11-24,5.573995899384483,5.572384186369604,5.598161312258375,5.5232275600654,347459448,1922700000
2021-11-25,5.626739031725106,5.574742676810981,5.626739031725106,5.47571577010176,141833722,1895800000
2021-11-26,5.615170558467578,5.575059253913632,5.62450849978365,5.5681681801262695,343122416,689900000
2021-11-27,5.595170162486695,5.577578985041802,5.595170162486695,5.527918894626755,132753074,1767500000
2021-11-28,5.6217543951383595,5.577843652213281,5.679458188642696,5.510790330528152,281715722,745300000
2021-11-29,5.544080737531268,5.577073644651877,5.595418740694131,5.475069236488486,350106695,1681400000
2021-11-30,5.602997664243249,5.575852078369121,5.649311688446928,5.499515121707313,141222637,1182900000
2021-12-01,5.5324448900672465,5.575943723669417,5.580239813509618,5.520598273743741,497615514,1122600000
2021-12-02,5.590388786933982,5.575221595179641,5.697753126559107,5.542900674164586,157654172,1366000000
2021-12-03,5.535725982796649,5.574279180250154,5.591210570932041,5.535725982796649,154124271,939000000
2021-12-04,5.58250501522107,5.574003094482398,5.59633646225802,5.566206841267357,446776824,1134500000
2021-12-05,5.553248124421856,5.574573856424291,5.664370190478642,5.44813242231235,380674521,644300000
2021-12-06,5.617841107449301,5.576081453505405,5.703370767336746,5.559939281116407,304492469,579900000
2021-12-07,5.530128231685504,5.577218117559062,5.587500845831627,5.530128231685504,456372479,642000000
2021-12-08,5.542915390434026,5.576791830563295,5.595615037901664,5.542915390434026,496933902,722700000
2021-12-09,5.587187479234363,5.577082514844717,5.6148623451603346,5.528545845363849,359016587,592200000
2021-12-10,5.6031564387667165,5.574448419350292,5.636546708309676,5.572239093409284,272012678,837600000
2021-12-11,5.549826876307956,5.574540244323487,5.599810438231377,5.493521063630605,332840138,720400000
2021-12-12,5.56374233804556,5.574624300402957,5.575524069927904,5.5587170274678135,278618570,522000000
2021-12-13,5.565495160789443,5.574483898305668,5.6137971979588945,5.512490711064577,202351884,1490400000
2021-12-14,5.585696159006169,5.573914278545601,5.588179583414301,5.552496551585641,136144588,613000000
2021-12-15,5.63104669028157,5.574688849629159,5.645364797196911,5.551246934625299,303144507,560600000
2021-12-16,5.572556089564894,5.576438573833225,5.625610254771865,5.520080014272797,313278021,894200000
2021-12-17,5.60745766606744,5.575603023080983,5.6951616561039815,5.534862651745016,459029893,1034300000
2021-12-18,5.577047428794133,5.57523729073164,5.677394207991782,5.491935610287042,294699472,1409200000
2021-12-19,5.547861969721802,5.574589572183391,5.591160698989888,5.545474474891859,405391649,1499200000
2021-12-20,5.621380105794287,5.576026144890094,5.676797895907491,5.554745763452997,398541344,1604100000
2021-12-21,5.563411221901387,5.577162359685646,5.655501935816534,5.563411221901387,429664312,611300000
2021-12-22,5.546201497646718,5.5773209378026944,5.599813534999472,5.546201497646718,320325212,798000000
2021-12-23,5.581100701252895,5.579007833775534,5.63103074003105,5.573795344162334,350099435,880400000
2021-12-24,5.608059781892863,5.579883856819264,5.63747295722492,5.571242961948584,121638643,1692000000
2021-12-25,5.554157711267818,5.57931821735389,5.6080186342059495,5.554157711267818,368081734,1276600000
2021-12-26,5.535568583836829,5.578968270855892,5.613549165425067,5.535568583836829,412250665,1596800000
2021-12-27,5.509599255418762,5.577365390723124,5.646510554981957,5.509599255418762,497903171,848400000
2021-12-28,5.6122469262300205,5.578638298652471,5.6122469262300205,5.560905561483867,153078793,897300000
2021-12-29,5.57007170755995,5.578446490347664,5.608342876100004,5.57007170755995,141219503,1730100000
2021-12-30,5.588847068777691,5.578580301538137,5.630911901317796,5.527020617723115,393359046,534200000
2021-12-31,5.601363919789834,5.578381747697576,5.62393800118645,5.5198030317625415,380250374,811800000
2022-01-01,5.604079732779582,5.580670634267709,5.604079732779582,5.524073902452439,205868584,1940100000
2022-01-02,5.577771739144103,5.579731547995079,5.6456366033499785,5.562940401541337,346702584,1010900000
2022-01-03,5.586847404234229,5.580901175714694,5.661659059457946,5.571894407543834,197175609,602600000
2022-01-04,5.61014991456051,5.5800841232524,5.617874183125926,5.5667337403242225,349166518,662900000
2022-01-05,5.620014414068186,5.58088113666003,5.698748496456848,5.534148496641594,156318326,1177600000
2022-01-06,5.632599093150737,5.580996277702821,5.632599093150737,5.559926469526819,358425466,1298200000
2022-01-07,5.582662736729081,5.583142626694415,5.6532755723051,5.568362121170472,142290949,1728300000
2022-01-08,5.59645101089427,5.582568999031552,5.607533783203353,5.53996198178024,141663404,1036900000
2022-01-09,5.571615896167295,5.5823899238632935,5.6760676362303,5.56061786392714,431044721,746100000
2022-01-10,5.573540753752197,5.582353390322464,5.628151997667201,5.525872423309168,187729478,1451500000
2022-01-11,5.540281714950921,5.584112819979016,5.604794098414616,5.468532967827551,213960089,1794900000
2022-01-12,5.555510774600831,5.585085476106281,5.65233524645283,5.537334853980594,197936927,1444700000
2022-01-13,5.626588421143999,5.585986457780962,5.639363622443398,5.569404128736927,393363186,1673500000
2022-01-14,5.567784615691389,5.588476802925943,5.663098265001534,5.504929479238082,312038173,794800000
2022-01-15,5.546779760720376,5.588612026036071,5.6503706920615455,5.546779760720376,206370117,1386300000
2022-01-16,5.541543796590845,5.590184901127869,5.610250026163908,5.541543796590845,138902005,1966100000
2022-01-17,5.601346490247931,5.588521835698731,5.616268556970895,5.576456153284613,381838931,1546100000
2022-01-18,5.589721310829167,5.590115488879789,5.624880446896188,5.546295379574419,233013538,1161800000
2022-01-19,5.594189998519982,5.591486882497104,5.611683841726678,5.5877097740928185,428126872,747200000
2022-01-20,5.573799409108162,5.5917354940382245,5.678790719286141,5.517421885969546,286337043,880000000
2022-01-21,5.559178765202252,5.591859921107053,5.60280990428886,5.518011408377954,393371373,585800000
2022-01-22,5.611311318423322,5.594062519705805,5.728156535757616,5.517275425771556,142941527,917400000
2022-01-23,5.5532110288243635,5.593384753812674,5.676602085032767,5.5532110288243635,466902604,1285000000
2022-01-24,5.625056363563943,5.594780499134586,5.625056363563943,5.536365008879112,133645045,905500000
2022-01-25,5.650172762440555,5.595952769538755,5.686329435762527,5.544222278477767,135319228,1737900000
2022-01-26,5.636360185281553,5.596815472845992,5.636360185281553,5.563402200107137,430264564,647500000
2022-01-27,5.565496790698287,5.5972380949292555,5.642707828915628,5.565496790698287,386745659,1372600000
2022-01-28,5.592187173256502,5.597177711647818,5.635134331633751,5.5601120716465235,288261971,1575400000
2022-01-29,5.609089160271559,5.598013245012578,5.655587906191907,5.5161531775160055,124821737,1186300000
2022-01-30,5.589079761500506,5.5980447430101306,5.615197914828786,5.519647565737972,256982768,1862100000
2022-01-31,5.614180071143623,5.598076500681299,5.614180071143623,5.556725323108392,382052664,1594100000
2022-02-01,5.567445704722197,5.5982592260937825,5.617405312830071,5.536488118555252,131069100,661600000
2022-02-02,5.642860912433176,5.597447115147666,5.642860912433176,5.572822662590222,150928586,646000000
2022-02-03,5.560159486416868,5.598336742291604,5.650272188994803,5.560159486416868,461106659,1084600000
2022-02-04,5.6339355434768885,5.599114742076376,5.6339355434768885,5.536247821417145,407006522,1710200000
2022-02-05,5.621962751961848,5.600432502867332,5.638937043334255,5.574536145891351,353222622,843500000
2022-02-06,5.619347933190059,5.6021709867598,5.673445405345879,5.592330846076448,104987073,1595000000
2022-02-07,5.670115298637091,5.601898932668812,5.670115298637091,5.514019791517144,376727058,1474400000
2022-02-08,5.599377593800281,5.601152572704779,5.662755041791784,5.594116974866467,187806223,1358200000
2022-02-09,5.6200974298641535,5.602386901643064,5.639877627520485,5.559894841420809,292101415,1802300000
2022-02-10,5.559161902521335,5.606331950895001,5.740102094871165,5.559161902521335,244064396,1296900000
2022-02-11,5.599233955587025,5.606391656587478,5.659727971456291,5.588164166613026,433437838,1619100000
2022-02-12,5.607969272609361,5.607299162828398,5.618539467191906,5.598535466141106,452111409,1960800000
2022-02-13,5.60068020866435,5.606613704880482,5.7333464000200065,5.579247164311755,487353530,830700000
2022-02-14,5.643654969752348,5.6076898343066315,5.643654969752348,5.542186948761547,408622054,907100000
2022-02-15,5.605120769421679,5.608327690746737,5.61328644043998,5.605120769421679,111287824,779700000
2022-02-16,5.589391452038757,5.610642418484429,5.614529128224824,5.584979546656121,459063065,1489600000
2022-02-17,5.568425587481072,5.611677773730526,5.62866288230804,5.568425587481072,167904842,640700000
2022-02-18,5.65802969508495,5.611450314278877,5.679310721823541,5.506700443800216,252846288,1866600000
2022-02-19,5.649129331751393,5.611838668555104,5.649129331751393,5.609346006374918,326086966,822400000
2022-02-20,5.577229199282272,5.612983395970252,5.634390264544281,5.577229199282272,301213641,1315600000
2022-02-21,5.621165751747773,5.615159116134085,5.649793310932533,5.5974069950845555,397107543,1100700000
2022-02-22,5.623437362280049,5.6141370814136025,5.633250098816429,5.536144863861733,342781576,975200000
2022-02-23,5.636134653964897,5.615264288491535,5.636134653964897,5.589450332428765,416725238,755800000
2022-02-24,5.623049118927481,5.6163405213940365,5.661609317997304,5.508011662083686,162695490,1516000000
2022-02-25,5.6081446063887475,5.61671694631964,5.6598456673297,5.5979053817967594,483791870,1547600000
2022-02-26,5.5864833171418455,5.617375049503065,5.670369467468952,5.5864833171418455,396131324,1984900000
2022-02-27,5.616370618885455,5.6167948062837985,5.638050502295405,5.597858767492735,109226632,1038200000
2022-02-28,5.616631138301449,5.618107605972697,5.632777023408233,5.610679019572153,283465940,1143800000
2022-03-01,5.612690749388492,5.6179090802960845,5.698632940718763,5.611657343129363,233743734,1343700000
2022-03-02,5.602091340338688,5.618662202983704,5.649497591322172,5.601198826903807,426174798,605000000
2022-03-03,5.578893563748159,5.619109176214993,5.656650298571498,5.50731153661026,407885333,1874000000
2022-03-04,5.580225342081551,5.619907905288372,5.697697983413338,5.4975347510252695,311485293,944000000
2022-03-05,5.623285247478003,5.621029318808323,5.625802741256608,5.581716876335266,193367798,1660700000
2022-03-06,5.684110716343229,5.621080237377936,5.697094357431939,5.522783775304014,139530829,1905300000
2022-03-07,5.59199654378208,5.62077278359952,5.651669192624924,5.59199654378208,361219735,1040900000
2022-03-08,5.596142606761996,5.622531728471955,5.676273608666777,5.596142606761996,134245058,1177000000
2022-03-09,5.621620727794344,5.621788549598338,5.637666966494939,5.597158492048129,214020318,1268500000
2022-03-10,5.640406728405963,5.622555014237717,5.640406728405963,5.6127417630170635,288240807,1902300000
2022-03-11,5.59777270235109,5.62425648765557,5.722606372464064,5.59777270235109,171398039,998300000
2022-03-12,5.641276917611342,5.623656900321718,5.662653104859281,5.611630226603888,391394187,1462800000
2022-03-13,5.606149288128014,5.6231690064056155,5.6741547164669655,5.566762091766287,480388858,1127600000
2022-03-14,5.577931055456327,5.623385964002026,5.654714503657131,5.5048036172190065,323389938,515900000
2022-03-15,5.60454264737379,5.625307715031251,5.692654714572116,5.60454264737379,199739333,630400000
2022-03-16,5.615761597298557,5.625204219395029,5.657611917515846,5.5401876725900925,381954381,1108600000
2022-03-17,5.618402959869026,5.625037535066589,5.627398173835495,5.582028600751015,114315576,844800000
2022-03-18,5.5664759855436445,5.6249789989562915,5.672119937435501,5.544153460442141,432319022,869300000
2022-03-19,5.69368625766524,5.625178205358883,5.69368625766524,5.589393459129518,233785413,1118900000
2022-03-20,5.663033606426168,5.625944949654016,5.678374320436086,5.593430841736202,473864846,603600000
2022-03-21,5.641837915338313,5.625150722370674,5.731597575156553,5.563492149612636,453408160,1103300000
2022-03-22,5.578608636463235,5.62472816838279,5.659297925433312,5.578608636463235,381152301,1739400000
2022-03-23,5.6499506439047416,5.625300545196185,5.660465970526154,5.549763916003226,269219336,1010700000
2022-03-24,5.689255257021898,5.626229235444407,5.689255257021898,5.57247969902545,439202906,1208700000
2022-03-25,5.593824709064681,5.626074358821027,5.633506271422143,5.588746550682401,170998383,1308400000
2022-03-26,5.640909985719146,5.6255290717551905,5.662474018509891,5.566391287575266,433252251,1970600000
2022-03-27,5.616588645608995,5.6267116243418425,5.6932796404317205,5.597085043247816,273242869,826500000
2022-03-28,5.5670868509109726,5.6283652255859495,5.661609202926797,5.5670868509109726,346147978,1566900000
2022-03-29,5.641348208841439,5.62876703480685,5.75005967909742,5.620925771210686,300436779,722900000
2022-03-30,5.613276395485605,5.628437602126057,5.73343622227262,5.593698201097541,126302983,1605200000
2022-03-31,5.640573877090555,5.627757537093762,5.658320550611672,5.592820495306942,376924699,1927200000
2022-04-01,5.599659889263889,5.6291176524224324,5.630969146748726,5.599659889263889,301396545,1466800000
2022-04-02,5.593839987443205,5.628817823289886,5.632540710173557,5.54583552770797,435926401,1213500000
2022-04-03,5.635057859198721,5.628036471925565,5.659469131235481,5.566233561919908,198404642,1578200000
2022-04-04,5.610958066923746,5.628641168160424,5.631161975917153,5.607571265557336,268807319,1837300000
2022-04-05,5.611149998846769,5.63064302534438,5.634544449891164,5.563221952157407,369301279,922500000
2022-04-06,5.597615791217395,5.630658336324642,5.674089663612657,5.597615791217395,172094461,741200000
2022-04-07,5.656631408701057,5.629090443571254,5.755864167678429,5.58429806002,226851591,1372300000
2022-04-08,5.62426919797316,5.628864366655618,5.69067563704358,5.598156574068957,352701897,631600000
2022-04-09,5.649284671809459,5.630886143871829,5.649284671809459,5.559218668608373,483112098,680700000
2022-04-10,5.618691855641112,5.630545868412952,5.7363118876962425,5.618691855641112,243982205,1905000000
2022-04-11,5.64374705627042,5.630025586144155,5.703540548911091,5.612510832816911,130272768,734400000
2022-04-12,5.588719381120285,5.630218798312098,5.672177806623533,5.567780501600806,183219657,1527100000
2022-04-13,5.59654002754249,5.63168800969176,5.6639628790600565,5.527853000263938,411100152,1275000000
2022-04-14,5.642756179306945,5.6330057308048795,5.656945478585396,5.628657614221455,117478355,1904100000
2022-04-15,5.623346663452905,5.632313569606225,5.648441245818483,5.617079377285577,150380720,528700000
2022-04-16,5.599709906825252,5.632212993300171,5.6707738407070725,5.599709906825252,309631529,1830300000
2022-04-17,5.630418659946275,5.63213068721949,5.655096856000288,5.552485368436085,102496717,1527100000
2022-04-18,5.579234074358382,5.6330364654572485,5.679130706722134,5.579234074358382,254888392,989600000
2022-04-19,5.638473258556415,5.634067262218147,5.6426787484155225,5.530685291606468,214103857,1584800000
2022-04-20,5.640407008695484,5.634327974406212,5.67131120476541,5.630193772930387,369381259,1917200000
2022-04-21,5.6115491656100565,5.633090680760992,5.717898988123548,5.509462375308051,395079182,1703900000
2022-04-22,5.644109787154295,5.635506381466178,5.755731650677312,5.574440534461193,354675917,789500000
2022-04-23,5.6059324788215985,5.635018246457304,5.793833544823913,5.6059324788215985,435229134,577600000
2022-04-24,5.620594752535031,5.634549450933521,5.6639021912199725,5.601907131755668,421845519,977300000
2022-04-25,5.6058966614517765,5.635451243904621,5.640245581486976,5.605253419990216,174736220,597000000
2022-04-26,5.657153147220315,5.635317304763931,5.663915618045741,5.593710250918226,333113397,601100000
2022-04-27,5.669533748884708,5.6348313673874175,5.8058104274807905,5.5558022625084265,432588040,1387300000
2022-04-28,5.636917154903165,5.636966668239997,5.6489932925015385,5.621631572316229,262430076,1354700000
2022-04-29,5.650479593986879,5.635497887702927,5.650479593986879,5.6150224453469475,110423744,1799600000
2022-04-30,5.6846085333368706,5.637194307284439,5.6846085333368706,5.630409700466457,477101531,1884700000
2022-05-01,5.607543834528523,5.637929966624788,5.6670659247733965,5.607543834528523,166101314,1141000000
2022-05-02,5.650576385415135,5.638650435408264,5.65776111028348,5.6235129329157045,390129945,1377600000
2022-05-03,5.640102559194171,5.638463249330536,5.692437668543014,5.588850938363782,392345655,1581500000
2022-05-04,5.649924772224222,5.638003338373459,5.741260990981039,5.611168537210073,164689701,726000000
2022-05-05,5.633502386632048,5.637901875303409,5.784450035933419,5.599710599077009,192886209,1323600000
2022-05-06,5.624870005739955,5.636736999208963,5.716218099512405,5.602388487926687,285547044,541100000
2022-05-07,5.6712929922471655,5.635911066300943,5.6712929922471655,5.580624640525986,164266750,1250400000
2022-05-08,5.624857799353132,5.637504855719493,5.6952919210812505,5.565535568913684,259903912,1182000000
2022-05-09,5.645953691362406,5.63673829327778,5.709792644144858,5.624875139102717,288421374,1244300000
2022-05-10,5.641018378219317,5.636659895731575,5.656674968769139,5.635192242594485,341132840,737500000
2022-05-11,5.614666794624277,5.638181927226044,5.7191131372361905,5.614666794624277,277315599,1149400000
2022-05-12,5.590483236661022,5.637912231938058,5.71366651510967,5.590483236661022,299780293,1250600000
2022-05-13,5.60002922390864,5.637773667342887,5.6501636499778805,5.60002922390864,451723363,1480500000
2022-05-14,5.6804234889184535,5.637889494241178,5.6804234889184535,5.607480787336925,415348272,1536800000
2022-05-15,5.6612328461659045,5.637809068920916,5.6843870516393205,5.5402759291689,370366835,552000000
2022-05-16,5.676266823862358,5.637918590996577,5.7277479241037135,5.637814913364437,167798005,1315500000
2022-05-17,5.665228899070415,5.638498539083384,5.710301690698692,5.610036133376283,136163007,1969700000
2022-05-18,5.682538532492688,5.64086210665359,5.694349177416248,5.583350132399372,497443902,1231900000
2022-05-19,5.676731665170035,5.642595715449294,5.709631174282714,5.615040917029068,465268104,1295000000
2022-05-20,5.670352736696557,5.642461182731092,5.6726781572095035,5.6128849355391575,131516153,1885100000
2022-05-21,5.616768216521943,5.641421223936628,5.706976072671072,5.592158963988569,352869923,517400000
2022-05-22,5.641532248542681,5.64175976228597,5.777519373635188,5.600635703358139,254086368,739300000
2022-05-23,5.650998359963929,5.642712007593726,5.671118121185216,5.596388466148618,188709773,1634100000
2022-05-24,5.650630754989638,5.642709370742536,5.650630754989638,5.58810775549545,150660959,1859100000
2022-05-25,5.665553110403,5.643969921486564,5.665553110403,5.565475334588548,379088565,1265200000
2022-05-26,5.645214694717304,5.645220123045719,5.722399688137666,5.636248095346275,424001370,1199300000
2022-05-27,5.619664118798985,5.64916200625066,5.696616529546669,5.5769934834175405,284713512,666900000
2022-05-28,5.5965144825611,5.649371807019495,5.7268276304606465,5.5965144825611,263733265,1513300000
2022-05-29,5.646774447975122,5.650192872309084,5.775684546773107,5.62612268237615,387617616,662800000
2022-05-30,5.630689796272422,5.6503426936234,5.651097646117107,5.599976727386945,335988299,1431600000
2022-05-31,5.6434882259824715,5.6503879022618095,5.743280383622474,5.638784367307672,287119160,1023500000
2022-06-01,5.682738167820708,5.6511640768135205,5.719919964168131,5.641089755519473,475536354,633100000
2022-06-02,5.62787404188408,5.651629806785667,5.675927609322207,5.541584700135836,425977144,682300000
2022-06-03,5.648953296959983,5.651950735852285,5.678897333029291,5.621230126270447,346148985,1231500000
2022-06-04,5.616295538688646,5.65117740787784,5.745495877555712,5.584357028654269,380323650,1768400000
2022-06-05,5.670220382067426,5.650919372444525,5.670220382067426,5.636268205924517,490797612,1386900000
2022-06-06,5.685256934263461,5.651751430795505,5.685256934263461,5.649285337442148,484461184,1817900000
2022-06-07,5.678569119155643,5.654625731303216,5.790295957137433,5.627610113405222,300688277,816200000
2022-06-08,5.671522457637636,5.65427681418103,5.728506091722525,5.61917911215704,308857079,1847200000
2022-06-09,5.678774313779073,5.65314490422415,5.678774313779073,5.646242587194038,413948167,1801100000
2022-06-10,5.709587143124223,5.653761941564394,5.709587143124223,5.601219153178848,255538663,1729700000
2022-06-11,5.64262454105357,5.65630542415414,5.757125641786007,5.621307821099303,141003520,727500000
2022-06-12,5.700408962212585,5.656772672607594,5.705546833144467,5.653125773049172,455059681,1268100000
2022-06-13,5.691935552003421,5.657555612831339,5.691935552003421,5.584260027581833,164797874,1541200000
2022-06-14,5.6706133961222545,5.657003900643007,5.707577640549115,5.555964391299861,145837435,977800000
2022-06-15,5.666804377617333,5.656939048163277,5.703864556950461,5.565800749461981,260696166,1735400000
2022-06-16,5.681485173914437,5.656603099961362,5.681485173914437,5.641916742298389,263151072,1259300000
2022-06-17,5.66057672378631,5.659098517899553,5.669931950732633,5.641258276216282,124648969,1244300000
2022-06-18,5.667163090869091,5.660775284395882,5.73259062895309,5.59166841973482,319666634,1400800000
2022-06-19,5.638325849445088,5.661796952564282,5.692276089487436,5.611720184058679,195206030,867000000
2022-06-20,5.612550669103081,5.663098838307486,5.72765369276178,5.557081978139754,435429924,1036600000
2022-06-21,5.6452711539360525,5.663632108269672,5.70323333421488,5.567057952500599,142437669,1025700000
2022-06-22,5.628717459230061,5.665139854819632,5.682074069681331,5.604420420828275,308976152,1913500000
2022-06-23,5.693708988364478,5.6659564330844105,5.722075248336125,5.640828486647941,213480638,1257900000
2022-06-24,5.697322391950324,5.6663710416748545,5.708403798473773,5.5671996202753835,151235158,996500000
2022-06-25,5.601857201801575,5.666751792185584,5.69470117605484,5.601857201801575,262441321,1210700000
2022-06-26,5.67675906475786,5.6674392114149414,5.719585527644235,5.667106446455397,213660159,811100000
2022-06-27,5.669481028867197,5.667344311483217,5.72700607503704,5.641404219261641,404106368,1765700000
2022-06-28,5.677391944235969,5.669156564270351,5.749357862623878,5.61685857535409,151128680,824300000
2022-06-29,5.691962599575691,5.6682960964965465,5.691962599575691,5.6219985167441715,445006569,1666400000
2022-06-30,5.620117943004057,5.670758789257682,5.688501080814836,5.597102714695432,364808929,851000000
2022-07-01,5.646536302264726,5.670846286274912,5.747397073605647,5.646536302264726,223356691,1899600000
2022-07-02,5.707110720506091,5.672758446993777,5.707110720506091,5.666071717591611,378865958,1250100000
2022-07-03,5.674636361537475,5.6729453570503665,5.697236653945358,5.551846547241551,465693549,1127700000
2022-07-04,5.643288526347144,5.673007888977072,5.691488142218981,5.599729018665646,354942735,825300000
2022-07-05,5.670369281483091,5.673569982736146,5.73290647594626,5.613624572634758,209681661,1726800000
2022-07-06,5.664283484868434,5.675940495623077,5.742591225097394,5.627797713797893,279817847,1262200000
2022-07-07,5.698701829922205,5.677523240220246,5.718282405076317,5.63371117143629,146474118,846000000
2022-07-08,5.697577370594262,5.676882914009286,5.697577370594262,5.597535249765328,243647091,1725800000
2022-07-09,5.699871164471092,5.677224756089977,5.754214693885291,5.593184843984858,249697086,530700000
2022-07-10,5.65382707115273,5.678870176092806,5.699501701396371,5.55689194347308,329590090,1685300000
2022-07-11,5.673888893084332,5.678839952014666,5.68236390080798,5.647443930009305,490527086,1457400000
2022-07-12,5.684984034776499,5.678294948260535,5.7963237400526495,5.62388287277407,331056385,521100000
2022-07-13,5.66436559078654,5.678974634628402,5.739864639903454,5.644958224396697,337929043,1779000000
2022-07-14,5.66041958249487,5.679428116177665,5.724684625036379,5.571353311355768,456813414,781400000
2022-07-15,5.657632841254497,5.6794834883252765,5.699323498609933,5.62154905064985,199229540,743700000
2022-07-16,5.637918224770388,5.680894224413222,5.780910386628424,5.5967936383433186,445852851,1963400000
2022-07-17,5.698569380106456,5.682446841780981,5.698569380106456,5.593708362846731,471268476,1101100000
2022-07-18,5.7063156519535605,5.682279452886657,5.727901774867735,5.639951155404254,247623223,1555700000
2022-07-19,5.690419820406314,5.682169745779344,5.7242230448123,5.541806031905719,341023510,768200000
2022-07-20,5.691765723422774,5.684190722346009,5.692560140638852,5.637804395305665,409809469,1834700000
2022-07-21,5.640630907513999,5.683753631865444,5.72321770052852,5.599795265800403,263104851,1547000000
2022-07-22,5.669786968912495,5.682420633602481,5.715293090370789,5.618638048116925,228514933,1638200000
2022-07-23,5.693347007919035,5.683298762851031,5.751338461210672,5.621813787710104,234999327,1467800000
2022-07-24,5.667621863924957,5.684586954036446,5.761751642031356,5.667621863924957,102023381,1531600000
2022-07-25,5.686320856964327,5.685689607533886,5.747142332772374,5.609971778463791,322723208,1214300000
2022-07-26,5.6922966573006875,5.68625514630923,5.727301988277836,5.621928115310779,198349575,1212500000
2022-07-27,5.71632560962076,5.686135005370141,5.71632560962076,5.660603003632465,153658051,1403600000
2022-07-28,5.642952410131847,5.68782206296468,5.725480128999072,5.642952410131847,372978783,716900000
2022-07-29,5.687708788841906,5.69063569098689,5.692588408158671,5.661259107259989,170844809,602700000
2022-07-30,5.718950258807953,5.691660280961073,5.727968873149789,5.632763435956246,481409551,1634300000
2022-07-31,5.6869560690837675,5.690971520465608,5.72905779778263,5.616786727087479,324531409,839600000
2022-08-01,5.678001109208188,5.691353824651609,5.770331327118776,5.631317542261717,478303083,601300000
2022-08-02,5.68698015327257,5.692143009588713,5.78216756012368,5.644090360107768,300939952,1042700000
2022-08-03,5.609150235611414,5.692739038372138,5.7397235786980705,5.609150235611414,403033540,1780300000
2022-08-04,5.723591894733708,5.693689860116804,5.772164448355574,5.6445580319637,117769142,1169200000
2022-08-05,5.686720495245895,5.691995933069562,5.716423429570426,5.596243605474816,268425938,574800000
2022-08-06,5.740926547582011,5.693517455763986,5.740926547582011,5.620708330501173,463340080,1340200000
2022-08-07,5.672833777415382,5.693316653462409,5.7443643826070145,5.672833777415382,465575529,1255400000
2022-08-08,5.734392944367096,5.692791664093063,5.734392944367096,5.646837698660622,202105358,1746100000
2022-08-09,5.696403056569516,5.694054749927327,5.700604563823284,5.604092395262807,367742875,922800000
2022-08-10,5.677571787621957,5.692445994239352,5.736944834752343,5.651605146221311,481998045,1527100000
2022-08-11,5.666981087621767,5.69358474892839,5.700202362467357,5.666981087621767,154316603,604900000
2022-08-12,5.675792115414754,5.695471374578328,5.732474516117479,5.663391920762697,136554771,1775900000
2022-08-13,5.670170570540046,5.696048706695264,5.784511216829531,5.613106121902112,371015879,1237600000
2022-08-14,5.7285581371442325,5.696609049433072,5.796901482525997,5.683495031642081,196440844,804400000
2022-08-15,5.662366549920133,5.697124732544922,5.829767658055262,5.662366549920133,115384530,961500000
2022-08-16,5.724045708198705,5.698398667143058,5.7983834990685,5.615725338779448,391167682,1928700000
2022-08-17,5.671518817823837,5.698848449033481,5.8790939275869905,5.671518817823837,346757187,1108800000
2022-08-18,5.662284753634654,5.700500075507202,5.746084573812729,5.662284753634654,257320547,1001500000
2022-08-19,5.655148738820386,5.700108723981525,5.767806876043376,5.654279331281679,327090151,576300000
2022-08-20,5.698220303124244,5.701957065624597,5.762401862339902,5.690280760862009,234927287,1895600000
2022-08-21,5.677504931649988,5.700868028747448,5.747500205738877,5.677504931649988,368553081,1157000000
2022-08-22,5.7085629917679395,5.701338327801258,5.741938543581064,5.684229333434465,328532750,1254700000
2022-08-23,5.7398708195489405,5.703441840254121,5.7398708195489405,5.654167354261297,179326429,1097300000
2022-08-24,5.7141018564786865,5.704616245986348,5.7141018564786865,5.691505442570214,476343016,1942900000
2022-08-25,5.707392458003485,5.705961226455625,5.803936927201108,5.633754686920762,222675708,500200000
2022-08-26,5.668492483588159,5.705553389798615,5.733818707396336,5.5813529913964794,392498915,1321200000
2022-08-27,5.711856031844492,5.705586288609938,5.786371177282442,5.6235218278371315,364899172,1895900000
2022-08-28,5.732590751093138,5.704167326844639,5.732590751093138,5.620971468463152,295045335,1593200000
2022-08-29,5.6711456436474315,5.7050493873522035,5.78000019630366,5.595621000898067,159770439,563600000
2022-08-30,5.728312001474131,5.703575066313222,5.779992686560606,5.618005992486278,290556327,1601400000
2022-08-31,5.7047451808537675,5.703881049682465,5.7704753117559076,5.648378931455438,148214787,693500000
2022-09-01,5.731643597506751,5.704930843382038,5.732516064768229,5.671143208574319,365621515,754800000
2022-09-02,5.700844264265519,5.705149926163198,5.746685194345949,5.680505118873668,152210720,1096400000
2022-09-03,5.7145573571713335,5.706797692784101,5.731203244491847,5.677217670922499,284205346,538900000
2022-09-04,5.715306285319548,5.708143940570976,5.745690242361068,5.643708933905339,166046771,1207800000
2022-09-05,5.739838519883646,5.707893521618013,5.816420791697699,5.657231098781342,210458428,1674300000
2022-09-06,5.671708148965554,5.7073618675065925,5.772736674818652,5.654290179755392,370584239,1159900000
2022-09-07,5.686195389556313,5.70885017485201,5.747930017230776,5.6701490958271785,306885998,1465300000
2022-09-08,5.72921949512403,5.710128978203268,5.773388464923612,5.584409820393687,285304416,1906500000
2022-09-09,5.70895783729875,5.710854936328434,5.780480587780476,5.67115216535188,173091429,556700000
2022-09-10,5.680132246585597,5.711096472956193,5.770186740637434,5.664391309231263,443431467,1503900000
2022-09-11,5.683690442778855,5.711710737691642,5.712667902440988,5.659137544667561,171611131,993600000
2022-09-12,5.699505152025856,5.712958277290726,5.71885237877969,5.699505152025856,430333633,1833100000
2022-09-13,5.737006341537353,5.712693078162787,5.737006341537353,5.680057334305317,371417896,969800000
2022-09-14,5.6500062436891625,5.714020190495738,5.734438792920532,5.6467923983088335,138686868,539800000
2022-09-15,5.727904085111092,5.714847859380267,5.771298961228537,5.642297760492474,157179504,753500000
2022-09-16,5.73107646041867,5.714985872383191,5.764008037790681,5.675493402988191,197898162,1633500000
2022-09-17,5.708285148253186,5.714246377368463,5.773279438650777,5.648237775572679,190899677,1759500000
2022-09-18,5.6774781743852865,5.714587168725544,5.739600607788101,5.601354768691373,196543665,1657800000
2022-09-19,5.706338268379461,5.714086464229357,5.805500477660946,5.639003778666475,475818646,1040900000
2022-09-20,5.67869341395855,5.714606969692897,5.7259070062418935,5.67869341395855,303804621,847400000
2022-09-21,5.733435164690054,5.715358442561419,5.733435164690054,5.699522807083479,284080117,1335600000
2022-09-22,5.717879305578525,5.716719788184257,5.747250036253896,5.694941126944012,164786079,1054600000
2022-09-23,5.69347079037608,5.717936381015001,5.756405318797955,5.639364172435452,316515817,1404700000
2022-09-24,5.7116651724454295,5.717428200188414,5.76873216577465,5.632957516610519,244863093,1134400000
2022-09-25,5.67148267187312,5.718721368352105,5.846010376655893,5.67148267187312,418703697,1146200000
2022-09-26,5.684468082816232,5.71912358756821,5.73267255173291,5.625312132475645,237508933,661100000
2022-09-27,5.699317996269921,5.718317169192357,5.733330529585596,5.693251496940099,264135980,1119700000
2022-09-28,5.739289537864008,5.719301954015747,5.7676769639313274,5.596279018760056,140633409,1475500000
2022-09-29,5.70483421335649,5.719826979643869,5.751193346856627,5.70483421335649,330589671,1539600000
2022-09-30,5.7282097433809955,5.721369167331405,5.735178312013648,5.697391497443313,390540071,1752000000
2022-10-01,5.6724173875007535,5.721421230635888,5.793547998427539,5.6724173875007535,102655962,940500000
2022-10-02,5.6929948996633115,5.721912648024266,5.763933265499585,5.6929948996633115,248552400,1872800000
2022-10-03,5.749802150692042,5.7219655898186526,5.749802150692042,5.667843850155497,422417347,1368400000
2022-10-04,5.768334522239002,5.722480402520849,5.768334522239002,5.705194995374273,468464795,581100000
2022-10-05,5.736221297764163,5.724439505559395,5.7524239404394555,5.70147616806287,483154710,1656100000
2022-10-06,5.698423913322059,5.725161812183282,5.830879389217756,5.698423913322059,305184685,1244500000
2022-10-07,5.7848698080153484,5.724813514672416,5.7848698080153484,5.5910712174653865,320172955,582100000
2022-10-08,5.740272385847823,5.724781815174421,5.796186268190038,5.633006151118947,391998270,1266700000
2022-10-09,5.706679046686666,5.725016102371996,5.7646356545585,5.687065433907971,396625354,1013200000
2022-10-10,5.727910396880507,5.726159222124843,5.817184216753778,5.674418464599037,240931859,1924300000
2022-10-11,5.712045616002144,5.726788438258945,5.7983108887886825,5.692585316008851,492313818,1340600000
2022-10-12,5.732324191985257,5.727531315521021,5.743651616600857,5.683984502324521,444676673,879100000
2022-10-13,5.724239577487452,5.7273643207049965,5.73195574525491,5.655421677554886,329488303,1370200000
2022-10-14,5.735301377127687,5.728019837104185,5.753182005605716,5.711925109553163,315005143,970000000
2022-10-15,5.706636418158291,5.7275561830197494,5.817900762032706,5.706636418158291,293409639,1966300000
2022-10-16,5.746495810915482,5.727963080820231,5.761935901938386,5.62088226605064,322610273,1968000000
2022-10-17,5.774111220151472,5.728850513714669,5.7775209407595405,5.696295129951601,418343145,1548400000
2022-10-18,5.756193093278457,5.729165325709225,5.763974089845309,5.62684698788399,190782336,1784700000
2022-10-19,5.713650700535075,5.729507373176239,5.746708330731029,5.705261184360788,158856336,1567800000
2022-10-20,5.724187812370932,5.729215363776968,5.764843455389244,5.714974461840014,393399690,1325700000
2022-10-21,5.742459554702175,5.730366074431507,5.742459554702175,5.7112972468262475,257949129,1433500000
2022-10-22,5.7078617046203695,5.733876933132543,5.740268721691334,5.7078617046203695,270826816,659200000
2022-10-23,5.6804043005548905,5.736748592603672,5.9084730934364895,5.6804043005548905,200822626,1060100000
2022-10-24,5.761594728723994,5.738783558492531,5.815665064554668,5.708841302343363,197072185,1285200000
2022-10-25,5.692264726926922,5.7394279373965995,5.780489514823635,5.692264726926922,276078775,798100000
2022-10-26,5.736665260896365,5.73864937694673,5.785344220451296,5.693677505986301,391846967,833700000
2022-10-27,5.779985162632116,5.740582687140714,5.798116828806127,5.632370222675708,127289959,1391900000
2022-10-28,5.723434959722313,5.740711229841839,5.7755140479017655,5.661517787129438,246562095,722900000
2022-10-29,5.668942773821677,5.741286001178657,5.742313162938181,5.668942773821677,107386006,793300000
2022-10-30,5.764830393013779,5.741830547400601,5.78282893904565,5.722848109980376,459021640,607800000
2022-10-31,5.76164519665989,5.742739338050183,5.761918699679608,5.675711650281115,442239621,1468000000
2022-11-01,5.694962560537433,5.744586360377354,5.805991564616524,5.667556323539234,292993119,1815200000
2022-11-02,5.769790842442634,5.744508680608079,5.769790842442634,5.70160246724222,490654415,1886200000
2022-11-03,5.739819686096614,5.744914316823515,5.78290452966143,5.670997482688547,435579105,733300000
2022-11-04,5.713084950716318,5.745161053420281,5.761154425855812,5.6987949781029315,132167799,700300000
2022-11-05,5.800548279688102,5.748227283659899,5.800548279688102,5.726223923542758,109916197,1964200000
2022-11-06,5.755854144258008,5.751333158983118,5.758686301984837,5.689593502411374,258391772,663200000
2022-11-07,5.7603465436025,5.751548168399571,5.851752112486822,5.709817387332422,377648998,664100000
2022-11-08,5.746313956349575,5.751994368603721,5.795122922207298,5.718264558375067,311187601,1217300000
2022-11-09,5.7086807562352915,5.752996714220642,5.8171298925715025,5.7086807562352915,260190906,860200000
2022-11-10,5.792852742578866,5.755106584418665,5.792852742578866,5.697173299284844,404238956,1565800000
2022-11-11,5.778783269474138,5.755047318900759,5.805418094622047,5.7427045604658895,397786156,1202600000
2022-11-12,5.7562747564052374,5.755633838993919,5.762078692865891,5.708027903011409,250520535,1095600000
2022-11-13,5.711359254796851,5.755901216233121,5.827303125423264,5.711359254796851,184959087,1585800000
2022-11-14,5.800478857205408,5.757283292482386,5.813906387882047,5.74855178109926,309840201,1112100000
2022-11-15,5.75743182649898,5.757469851284597,5.780944958343449,5.753618895468514,171345430,1276700000
2022-11-16,5.704736373319986,5.760451025069764,5.812569308314706,5.704736373319986,163953304,1736300000
2022-11-17,5.736037038088039,5.762132631301666,5.765008808404371,5.670175999277427,445956041,1428500000
2022-11-18,5.755038161572541,5.7610837427619135,5.8341166452634745,5.724207207732437,231493261,1339300000
2022-11-19,5.720256826986444,5.762296604524592,5.768518514248315,5.647887352322404,444544612,1981700000
2022-11-20,5.802956991716184,5.762728717217971,5.82776480430152,5.751988178020167,138375206,1694500000
2022-11-21,5.792883681738159,5.763980926139244,5.8034013271121285,5.684139239908638,380405387,762600000
2022-11-22,5.709491622578032,5.763285492143687,5.9001205794191804,5.709491622578032,168472348,1935900000
2022-11-23,5.7845081364168065,5.763061217461554,5.7845081364168065,5.750526130126704,385262825,576500000
2022-11-24,5.795433518004603,5.762564152924848,5.795433518004603,5.743235301098008,442617790,585000000
2022-11-25,5.783247345358777,5.763177352294176,5.784790074014688,5.750422784752059,374619663,1350400000
2022-11-26,5.7396985316519675,5.762493149619497,5.815445313138189,5.716376359920093,446678171,1314000000
2022-11-27,5.719730510675435,5.761032551352078,5.781963585209275,5.636171689503668,296944761,1343800000
2022-11-28,5.785623956484927,5.76128320150354,5.785623956484927,5.614280838202526,178476340,1484200000
2022-11-29,5.729896702293758,5.761355236226374,5.781470571734609,5.729896702293758,410363936,1033500000
2022-11-30,5.717997288606466,5.761354095012817,5.787281963513191,5.717997288606466,464168500,1980500000
2022-12-01,5.721982261532977,5.7616031581354274,5.851621141809466,5.705062949666223,229534254,1665000000
2022-12-02,5.774692282676543,5.762711447130014,5.780242101246905,5.751710500424399,319565903,1324300000
2022-12-03,5.7371826223678,5.76183907997885,5.8550938027317585,5.7371826223678,146941243,1695900000
2022-12-04,5.749107858952448,5.7607565222100146,5.773535612253485,5.749107858952448,279927709,1293200000
2022-12-05,5.75310084856881,5.763011301069643,5.8121163858773315,5.75310084856881,218562694,1450800000
2022-12-06,5.735623395000398,5.764265825589882,5.83603648295389,5.735623395000398,385988530,1647000000
2022-12-07,5.80518436870019,5.764320570882838,5.80518436870019,5.732107534303105,244701236,1595300000
2022-12-08,5.728096522685828,5.76512215745441,5.887133988489916,5.728096522685828,442604886,1411700000
2022-12-09,5.745677213003499,5.7664312109521125,5.791381941656303,5.702746760699736,108896869,1239000000
2022-12-10,5.750514327253326,5.766310870843578,5.8481855834587995,5.681942901615138,133680245,1914700000
2022-12-11,5.75911793932524,5.766521932526954,5.829841746734617,5.689917183454129,131086569,667500000
2022-12-12,5.809179341512554,5.766923288359895,5.809179341512554,5.758202160862835,169571192,668400000
2022-12-13,5.7464796041790915,5.766964678602275,5.775499623572633,5.723725103981908,251253858,591900000
2022-12-14,5.783161741136399,5.768214932876273,5.8169534844510284,5.699312187863953,104342554,1710500000
2022-12-15,5.723878743796658,5.769397883922918,5.7745172636004325,5.723878743796658,402071088,1476600000
2022-12-16,5.7627877606318645,5.769519702903546,5.789163712204934,5.755769619083663,215630050,1127300000
2022-12-17,5.769178058688779,5.767613229393036,5.811004335507147,5.747279313735845,195845029,562800000
2022-12-18,5.769153630961667,5.7680980381562135,5.821352572690596,5.707879108553125,371147772,669800000
2022-12-19,5.739846737569116,5.768200481982639,5.8189560503649345,5.72746449375647,485404848,1835400000
2022-12-20,5.729218011501369,5.767739630880817,5.81813288184313,5.729218011501369,141769592,1435700000
2022-12-21,5.778930009388059,5.768052188205467,5.791781363406891,5.693299288625968,435673848,898200000
2022-12-22,5.783882305525741,5.768719405229807,5.832934222495476,5.728022746547174,441106728,1020700000
2022-12-23,5.780005922905815,5.768364959189918,5.797429892189623,5.749153858132623,117670203,906600000
2022-12-24,5.732302563780633,5.770262236233094,5.812559598721766,5.732302563780633,285101237,936100000
2022-12-25,5.768765625601401,5.769606898072914,5.8351466160842405,5.755029152987538,356616858,612900000
2022-12-26,5.795190237408982,5.7700012431883705,5.865165081926669,5.759270128690089,200036166,1502300000
2022-12-27,5.78868391423761,5.771475914390303,5.819164144066237,5.732886114013854,484433846,1707700000
2022-12-28,5.803600756444858,5.77222606243561,5.860874672175863,5.758636772071637,421044873,822300000
2022-12-29,5.793459116878755,5.773551611363616,5.793459116878755,5.7378710571937335,358491604,741800000
2022-12-30,5.753573166734051,5.775091887351619,5.899823682093955,5.660314163527671,254959473,1848500000
2022-12-31,5.778032676341364,5.774553762247379,5.801583888646722,5.712242122957613,393489555,766300000
2023-01-01,5.761430891352082,5.774371417677538,5.784910548598176,5.719329076146846,382254795,942700000
2023-01-02,5.715616522755231,5.775994653803698,5.812879710012668,5.715616522755231,349740907,1014800000
2023-01-03,5.807116683627643,5.778246637046018,5.810225157405876,5.6993461262957466,404918677,857800000
2023-01-04,5.766095106509732,5.777510154003711,5.875517583905893,5.766095106509732,156912131,1170800000
2023-01-05,5.741370272384958,5.777331741309456,5.837942035451931,5.711810469461086,125703905,542800000
2023-01-06,5.778286716298874,5.775909224143778,5.809062156901459,5.697298175498592,448476336,1523100000
2023-01-07,5.79655110988685,5.77728520889591,5.83539927611232,5.705149336578293,222986891,1174400000
2023-01-08,5.765365619061588,5.77732517954751,5.8643736066220145,5.707754042691069,285453448,563400000
2023-01-09,5.745478200622167,5.776673893326819,5.807330912998643,5.745478200622167,257164793,1159000000
2023-01-10,5.799181649420851,5.777436422323558,5.799181649420851,5.769749585597575,268765339,1646500000
2023-01-11,5.777633501046365,5.777713956146769,5.810415382965231,5.74287587569722,333617209,1480400000
2023-01-12,5.740928346972268,5.776999859893117,5.816088124295264,5.740928346972268,175818884,1803700000
2023-01-13,5.803343073630004,5.779293940203759,5.892456037660992,5.728590318151809,299556347,1022200000
2023-01-14,5.772715171301534,5.779547470965244,5.7862393622761115,5.7022871120607626,450176887,888200000
2023-01-15,5.7991106687962874,5.779228868989703,5.799418886652214,5.711271252121553,445123216,937800000
2023-01-16,5.787412823118941,5.779413654149147,5.8537291842702075,5.735079267480052,183211092,591900000
2023-01-17,5.7906466316907546,5.778733462101505,5.826853301267416,5.729740684901363,429554661,1763100000
2023-01-18,5.822635612032993,5.7800975910906125,5.824855143484715,5.706773116410728,237439553,1308500000
2023-01-19,5.782953317681184,5.781348002849748,5.794618204362552,5.765946115575275,306541017,1291700000
2023-01-20,5.776737930798915,5.781935945629492,5.838174092349575,5.708006615401497,385520566,1997800000
2023-01-21,5.755680221472863,5.781782648092563,5.832669987239556,5.656715160022212,276922267,1194000000
2023-01-22,5.791546427427533,5.783332875502702,5.802360491184167,5.720162208411814,290938515,1680200000
2023-01-23,5.748460734091882,5.786251646714347,5.806847234178152,5.740783259627507,109418969,953900000
2023-01-24,5.764433985711949,5.785204029738099,5.823376975426748,5.7201621513512775,140175130,1895800000
2023-01-25,5.764868454783793,5.786759223271487,5.827282601997224,5.692650825491399,150528799,1483800000
2023-01-26,5.782293813102203,5.787195495797388,5.80611469654246,5.778620202684953,282310203,1986100000
2023-01-27,5.752565806001945,5.788503672900413,5.794514841334664,5.752565806001945,399886544,1348900000
2023-01-28,5.7743709512353805,5.7891640462179526,5.855143771097559,5.6962542936023075,405197537,1945500000
2023-01-29,5.805793075711399,5.789133885514709,5.805793075711399,5.697296514886481,358698546,769400000
2023-01-30,5.81698690760532,5.790449510575613,5.8850184686510785,5.742616707906356,326004458,609900000
2023-01-31,5.800907238364801,5.790492060173125,5.8588654332052075,5.762586248640204,337719325,851100000
2023-02-01,5.850195879146235,5.79171925093571,5.850195879146235,5.678252077539982,316120416,943500000
2023-02-02,5.773788176560993,5.792832455567324,5.7937258976013695,5.7143784920763565,362809957,1947400000
2023-02-03,5.755512969432764,5.793193187116572,5.793290751609345,5.751346155858484,172520550,1706600000
2023-02-04,5.779437776167904,5.792795620224264,5.835011428840491,5.779437776167904,260588855,1634400000
2023-02-05,5.789815348744726,5.792528034529637,5.826722327519421,5.733120695619357,152032232,1004100000
2023-02-06,5.828575606420359,5.792796095786991,5.8345204785202585,5.754191804712795,193671181,1453700000
2023-02-07,5.806760936633676,5.793956661601063,5.877831691804345,5.753131475356874,308584703,1185300000
2023-02-08,5.782113963243045,5.79628881037131,5.857633781822266,5.7774157879304875,351735937,1515100000
2023-02-09,5.783131192870779,5.796761002519471,5.815095976993116,5.7577472589397765,242715052,1971500000
2023-02-10,5.795309976627989,5.796071691804772,5.856163637084213,5.7424180329404075,114999774,1134700000
2023-02-11,5.797746426671971,5.798842698141721,5.882614694410128,5.758440424272714,361522047,1878400000
2023-02-12,5.818946503606833,5.798405113224076,5.818946503606833,5.701103346796718,401358855,1252700000
2023-02-13,5.8375242850486275,5.800969672657752,5.839251375191872,5.729034899764559,289265681,894700000
2023-02-14,5.800274632352715,5.799814250820558,5.819953249246646,5.775839450652854,365088339,1792000000
2023-02-15,5.824908749369473,5.80003895011447,5.824908749369473,5.745863189619576,358516054,1570400000
2023-02-16,5.780603860436794,5.799771308611038,5.856038381930642,5.7287939871119375,131425888,1683900000
2023-02-17,5.759961384524121,5.800046972846575,5.929352174455036,5.714973558822238,411321308,871600000
2023-02-18,5.814467176792283,5.800558805117411,5.879948032023574,5.766043911254054,352026053,1300900000
2023-02-19,5.854905323623499,5.800620188493552,5.8664147277020975,5.75004369214885,441901096,1279100000
2023-02-20,5.83617041260778,5.8013344202882084,5.838886881357463,5.785244674563018,123603202,1207700000
2023-02-21,5.784436189309155,5.802027502522348,5.857161928327554,5.784436189309155,220026265,603100000
2023-02-22,5.777637813603703,5.803304232473074,5.8726080314639955,5.742770813173107,347076850,1520900000
2023-02-23,5.830779890157621,5.80311946752432,5.830779890157621,5.765562103161884,270366290,1201600000
2023-02-24,5.781591493675792,5.802142305866334,5.84336729146797,5.706380611650145,116011117,1413400000
2023-02-25,5.797530662965259,5.803644896033776,5.8851793505173315,5.758954937890467,492019088,619100000
2023-02-26,5.760636217736338,5.804420916122033,5.829447634804927,5.760636217736338,219791865,1568700000
2023-02-27,5.7750272649407695,5.806292198999056,5.818679771314316,5.749983209748501,447277850,1802900000
2023-02-28,5.785034167809361,5.806406249952362,5.816433219636874,5.785034167809361,462132034,640600000
2023-03-01,5.816380155245803,5.806947761387811,5.932002144542343,5.654898836438569,179409788,984500000
2023-03-02,5.830504879836396,5.807953293732168,5.830504879836396,5.768343341003599,397086802,1912300000
2023-03-03,5.854105551874337,5.808626050722816,5.863063044355006,5.782040803778944,264079096,1211600000
2023-03-04,5.759135950130209,5.808081181421613,5.8274007352022155,5.717541970648892,450582680,1877200000
2023-03-05,5.805342425491943,5.809200328877748,5.88201925330936,5.7054375438837095,106835730,1665300000
2023-03-06,5.781020882820016,5.811631369327038,5.978106113495343,5.760174672820606,123089063,620300000
2023-03-07,5.784186230425734,5.812091661500791,5.889422143212958,5.7812872214377355,493825077,1861400000
2023-03-08,5.841506473527803,5.811257905665684,5.841506473527803,5.68749839611189,432414069,568500000
2023-03-09,5.799213701327654,5.810967245542021,5.829379422469438,5.655037671168316,207878184,1326300000
2023-03-10,5.8393651591276665,5.812466149806083,5.886443516184244,5.776497213333454,434598659,1541100000
2023-03-11,5.8119429655998465,5.8138678845223835,5.85517807522501,5.673377901951288,310001222,965100000
2023-03-12,5.84016486912986,5.8136533837347555,5.876619330112045,5.768431534436115,348648654,955700000
2023-03-13,5.814072890160909,5.8157310440426935,5.824615494957642,5.7260244648065415,226655761,596200000
2023-03-14,5.808808753069893,5.816126039871813,5.8500023559800045,5.797000922472535,364763833,1674100000
2023-03-15,5.781234347659635,5.817207578538638,5.941426927088522,5.781234347659635,290376321,1809900000
2023-03-16,5.791175016635721,5.817113193607625,5.8233732759743315,5.791175016635721,383811025,1745200000
2023-03-17,5.8114975144408305,5.816600837797359,5.870462978503967,5.77366668794987,252770143,909700000
2023-03-18,5.85462385343401,5.81600612386842,5.85462385343401,5.7856402726804745,400791076,1886300000
2023-03-19,5.778363134110653,5.816653684985373,5.895861088141832,5.76793964928488,237142860,569600000
2023-03-20,5.842048798506259,5.816224943191412,5.856527089718241,5.789536474833672,475079907,1083000000
2023-03-21,5.870421665694874,5.817887227025457,5.870421665694874,5.791648272078394,149813930,1534200000
2023-03-22,5.823328776931036,5.81806687125031,5.884368642891165,5.8013374387585905,288814818,697200000
2023-03-23,5.792111538739562,5.817366225588858,5.86760662310005,5.792111538739562,309882611,1225000000
2023-03-24,5.803897887521099,5.8186655379564565,5.8195158074066695,5.775621069341504,451825437,914400000
2023-03-25,5.8679234939248195,5.821816590847982,5.90755674905018,5.794280560881646,410183342,1188700000
2023-03-26,5.8506968305826454,5.820422264195253,5.8506968305826454,5.700767011105767,138489995,1181900000
2023-03-27,5.841027143284312,5.821611126016917,5.891609376821113,5.780099018067371,432608541,1148300000
2023-03-28,5.8374146532462206,5.82267317351646,5.861677123459604,5.79214335808743,400781212,1885500000
2023-03-29,5.8000437682034995,5.820820370569942,5.827371922414286,5.751649345345716,386024871,1243200000
2023-03-30,5.807553913217861,5.821020854916516,5.905104649143476,5.777830167512677,248373295,1376600000
2023-03-31,5.82862838404142,5.8210879373195885,5.904600988916375,5.774539706517928,131756657,1467800000
2023-04-01,5.82738090738481,5.821755128535907,5.82738090738481,5.785376440959833,213549052,746500000
2023-04-02,5.80806631647389,5.822822999142219,5.842491467537231,5.80806631647389,489084122,1950500000
2023-04-03,5.828460193294663,5.823716027508064,5.844140456993917,5.792352665486883,243662490,1175100000
2023-04-04,5.825884594595103,5.825999647702028,5.891948196663342,5.801146227483435,417619959,1375500000
2023-04-05,5.831014932728873,5.826324932828333,5.883622962288491,5.802575619835281,209587682,1673300000
2023-04-06,5.823989128213033,5.828201526885324,5.883206787524224,5.7482082739952,148427045,1232100000
2023-04-07,5.781163090520572,5.829451285790323,5.83978250283415,5.781163090520572,296323513,1788600000
2023-04-08,5.797890077989526,5.828147566899685,5.84104354790183,5.728812744383552,487507165,504800000
2023-04-09,5.853279035748518,5.8274638302510775,5.88332665203922,5.822919988256616,442567415,1658000000
2023-04-10,5.81402499520294,5.8291945514305175,5.835379308802059,5.798613626894369,117311103,869700000
2023-04-11,5.813774709314341,5.829584699747456,5.858726663973621,5.776126623868357,162694684,1535600000
2023-04-12,5.85862073544795,5.831085632119841,5.85862073544795,5.756544439122742,331814140,1987500000
2023-04-13,5.806591611037919,5.831017505560915,5.911164679765996,5.806591611037919,350673549,1658600000
2023-04-14,5.830180274828391,5.833291167189423,5.922218986956394,5.761779561218628,421386206,555500000
2023-04-15,5.841091908552001,5.834307206887849,5.892261078584786,5.723335480062818,307660631,1322600000
2023-04-16,5.861874403619141,5.8327884183356415,5.872416287479515,5.8201682495900355,102504451,1192400000
2023-04-17,5.834078083592243,5.834246825837302,5.840903525924432,5.805438822351641,468451061,591000000
2023-04-18,5.819997267056642,5.833837741865659,5.842038171258116,5.811648101571139,392822727,1648400000
2023-04-19,5.801287661422352,5.83358052151628,5.865428503222793,5.794771669946591,314508188,572800000
2023-04-20,5.800685135439684,5.833618003216732,5.851156934330833,5.724737808406816,278984317,586000000
2023-04-21,5.834820553404717,5.8358949548907395,5.8362005012256635,5.744857505125897,480501449,1487000000
2023-04-22,5.848194574582946,5.835903546562793,5.864901954996965,5.834192507113763,159762715,1206500000
2023-04-23,5.889990372308781,5.834570228174401,5.91965925634528,5.805339592542415,492703432,1458100000
2023-04-24,5.8273860075760515,5.835530075115335,5.856717819304489,5.785814743176036,224777603,1415900000
2023-04-25,5.8151806808844,5.835237268315647,5.892204375745763,5.7910090713580065,452163625,1981900000
2023-04-26,5.802492309972789,5.835217421696654,5.865876160583561,5.778706774108031,245709196,675000000
2023-04-27,5.8208577816484635,5.836912054074187,5.884635209656271,5.8208577816484635,286357751,771200000
2023-04-28,5.853575014770356,5.836847612944026,5.853575014770356,5.791539266047511,239870612,838900000
2023-04-29,5.846420336512298,5.836901982424354,5.878256041155809,5.793317434590924,354357210,1259600000
2023-04-30,5.830211953423034,5.836340346044843,5.8876600933134275,5.749169426000946,177643836,1775800000
2023-05-01,5.8889618622599595,5.837076774716295,5.8889618622599595,5.780782580512427,157690992,1879800000
2023-05-02,5.851683569576172,5.83569276416442,5.855614613427235,5.700109780042559,122416387,504100000
2023-05-03,5.809576410917177,5.835390092575735,5.8787179354679795,5.759638269963823,114151116,1443700000
2023-05-04,5.789905847947729,5.836182008992756,5.868772606316131,5.789905847947729,193204565,862000000
2023-05-05,5.889470371104218,5.835964571506394,5.909857135731657,5.725942660368576,328272971,1941000000
2023-05-06,5.8180658490815516,5.83551950397912,5.852176111200372,5.711529882801756,363334925,1844900000
2023-05-07,5.825231909948441,5.835714443752263,5.844558191288307,5.825231909948441,364626162,1847700000
2023-05-08,5.843010640308179,5.835700636778663,5.87703409139676,5.831159660707993,101764387,794800000
2023-05-09,5.842093890126882,5.836826694081035,5.883834748802467,5.7758807948237445,317949161,1035400000
2023-05-10,5.84874317208095,5.835985274531088,5.974733639978854,5.800137327081006,196010002,1176400000
2023-05-11,5.844980961550383,5.834767129395414,5.9611785783796405,5.808434859674801,319476743,1900500000
2023-05-12,5.83261836891552,5.837407672656126,5.88035415867572,5.829749545649435,270807776,1051300000
2023-05-13,5.851690716251814,5.836354914494304,5.851690716251814,5.832101291810244,287563421,1034800000
2023-05-14,5.883674029007957,5.836939816674033,5.883674029007957,5.8054499840044755,292913782,1854200000
2023-05-15,5.842894084587476,5.8381933569428135,5.860036803632762,5.813442795005425,229779916,1265100000
2023-05-16,5.834567280081442,5.840692630954137,5.84652688016373,5.829456204274157,294246097,664300000
2023-05-17,5.894270459100808,5.8412719809859786,5.894270459100808,5.786897617250747,331725213,1848900000
2023-05-18,5.807447852136033,5.841844611611743,5.886227229372218,5.77297400221656,476800395,588500000
2023-05-19,5.804561645251612,5.841525217366198,5.8818114654484095,5.796011453232798,447646464,1428000000
2023-05-20,5.8333497679452595,5.841984015392491,5.964745937860167,5.803016618577794,455756244,1601600000
2023-05-21,5.849958727702835,5.84278874935015,5.8601769655367,5.8100321515705255,461377688,813400000
2023-05-22,5.80932710828826,5.843565820570735,5.851444337263682,5.80932710828826,410225517,1577900000
2023-05-23,5.840141983686382,5.844332302379437,5.917112167482414,5.794143551015628,284656744,1817300000
2023-05-24,5.886352508409984,5.844689401786128,5.8958014201712725,5.8091038934393655,225551541,712400000
2023-05-25,5.874706020613179,5.845370242349223,5.959116070575392,5.78090935825718,105155685,1085100000
2023-05-26,5.857899580157883,5.844622850323647,5.8736246335360685,5.826472832428275,489648603,1092100000
2023-05-27,5.776731107342104,5.846027054388907,5.862722042399236,5.776731107342104,395765278,1924500000
2023-05-28,5.891645577906838,5.844872568982159,5.912794057812126,5.809977137574695,171101511,851500000
2023-05-29,5.856065940787014,5.846295860120437,5.888882696181712,5.796141216011374,151543433,1807400000
2023-05-30,5.861231880227855,5.846630736568466,5.873366432109802,5.769611843453346,441416351,929300000
2023-05-31,5.856206328425944,5.847234793776951,5.856206328425944,5.809868910121087,177425979,1296200000
2023-06-01,5.870691677668023,5.846719114018732,5.870691677668023,5.845998353665268,208135905,1721800000
2023-06-02,5.82148997379253,5.844157064071841,5.872739040472195,5.773837995851525,182493224,595200000
2023-06-03,5.8179500125144905,5.844914561992692,5.868653964492697,5.8179500125144905,417888195,1563700000
2023-06-04,5.870306096747464,5.844634668104898,5.940736715585405,5.741373526444977,213171467,694500000
2023-06-05,5.8742919927536414,5.8463650508843035,5.900751688614514,5.801048281871373,125306564,1850000000
2023-06-06,5.844833931378296,5.846310649913755,5.8862808899412,5.787851934738286,443921180,628400000
2023-06-07,5.816133576172792,5.847954192677477,5.899673070889292,5.745295330873348,354235381,866400000
2023-06-08,5.830659826347427,5.849884105921589,5.8653756931779135,5.785125691005731,424856623,633900000
2023-06-09,5.897421114435594,5.8488504290041075,5.897421114435594,5.7842502379929925,483581271,937600000
2023-06-10,5.881459263431776,5.848546849425172,5.925997125627175,5.776038667441977,401318342,1582200000
2023-06-11,5.817343064025136,5.848050803423277,5.868391738136974,5.798716457770439,152575209,978400000
2023-06-12,5.904058216946221,5.8489268846874705,5.904058216946221,5.832297508898627,414923807,1741100000
2023-06-13,5.859681163758331,5.848943058700114,5.9009216168893195,5.821769031678053,114844464,1859300000
2023-06-14,5.839026306087815,5.850315336854316,5.860933898540391,5.7829155237036645,457317429,685100000
2023-06-15,5.868603677816876,5.850182192736197,5.868603677816876,5.785602849554403,423269082,1986300000
2023-06-16,5.829458363925646,5.850144002509341,5.865469569469227,5.804484224613231,102392208,1991800000
2023-06-17,5.850004287966844,5.850538477324102,5.8754887399063165,5.780783311624908,102525817,1458700000
2023-06-18,5.855659954508739,5.851266187005022,5.914571676792423,5.818006698960697,200377777,1850700000
2023-06-19,5.906114821232126,5.852558310237336,5.906114821232126,5.823833112384294,304753599,962900000
2023-06-20,5.849319357387128,5.853229476866208,5.87359908802577,5.838355688822953,451066530,1406400000
2023-06-21,5.9028152606003825,5.854237392019465,5.9028152606003825,5.790227252924439,471445909,1095000000
2023-06-22,5.849520535735794,5.8537530761151215,5.858002822984227,5.837683202214685,491205231,637100000
2023-06-23,5.884671061340801,5.854710105748931,5.909086177434754,5.839211524478066,149163690,819700000
2023-06-24,5.82229616782061,5.855505085019686,5.903859150052947,5.820410213335607,311298748,863600000
2023-06-25,5.789705207253715,5.855397799407465,5.93027725725118,5.789705207253715,282626467,1145300000
2023-06-26,5.834280224703763,5.857568807378262,5.924232034223063,5.834280224703763,371294068,1894200000
2023-06-27,5.838358502052487,5.857434105181401,5.931214640884837,5.7405198153151415,164965411,726900000
2023-06-28,5.8626343998898625,5.8571249682264135,5.892894634824228,5.790490758093737,173801414,686300000
2023-06-29,5.823167356590126,5.858582508971678,6.012702968811953,5.812906686874721,262981842,754000000
2023-06-30,5.835036627171407,5.859347227485836,5.8761305527230485,5.696481431274967,333445827,1740000000
2023-07-01,5.853230155796991,5.85931164311467,5.951507801782562,5.850352475973431,177960786,1283200000
2023-07-02,5.865796897367961,5.859797713770712,5.902864873666041,5.819390324056123,201275904,1677700000
2023-07-03,5.869960395108174,5.8598654131251395,5.926611031544196,5.792782756670187,103877490,628400000
2023-07-04,5.8739620702601885,5.861534783620753,5.8862887610901575,5.755434045626462,441275390,1846700000
2023-07-05,5.91330606637995,5.86257871215594,5.928145794211246,5.830819796047787,478283920,556800000
2023-07-06,5.856060755730623,5.861608046653433,5.891607881443051,5.8247386846246085,433669601,1097700000
2023-07-07,5.88134218503129,5.859830440426784,5.913441319295049,5.837276845539384,178489660,1308100000
2023-07-08,5.870700317808839,5.86141024281719,5.871487617974291,5.789446294434277,167418563,1897000000
2023-07-09,5.854783472631128,5.86151940833187,5.960828848046967,5.800424164144319,104795861,1431000000
2023-07-10,5.874793122844077,5.862253972292126,5.907117378407922,5.843159563549192,217983487,1949700000
2023-07-11,5.88738138077152,5.863282076748555,5.88738138077152,5.758456676663299,419364362,1569400000
2023-07-12,5.864175121471437,5.865241548245164,5.967494205919223,5.8535330544861806,333985406,910400000
2023-07-13,5.846334927173583,5.864472942455651,5.907403692020667,5.8394841964833075,409167832,939000000
2023-07-14,5.851852516709363,5.8651654411416985,5.887662347335249,5.815927794097152,322641581,1959900000
2023-07-15,5.883071825186302,5.864610312672054,5.884937339535273,5.8325424689109635,361056520,1687700000
2023-07-16,5.88463548870979,5.864910389981845,5.899248044050603,5.8556927630583315,266900019,1354100000
2023-07-17,5.804979287633313,5.865082042430208,5.921644556294656,5.804979287633313,370853464,1350400000
2023-07-18,5.822376819456335,5.865377150268946,5.946897795211414,5.822376819456335,178485601,993300000
2023-07-19,5.857851614766259,5.863504418219274,5.88509068778809,5.785049295579456,209627439,1790900000
2023-07-20,5.863794013248798,5.86538952145271,5.888808384420709,5.790653093086729,424323256,1254600000
2023-07-21,5.934489905153541,5.865057379998168,5.934489905153541,5.837642393853969,207481455,1780400000
2023-07-22,5.844981805207668,5.866285651229498,5.931270298624238,5.797179865372786,406096705,636000000
2023-07-23,5.844258322626194,5.8672912697607105,5.909164212662343,5.831692233955148,375472537,1489200000
2023-07-24,5.8595790913416845,5.865608085117013,5.9541781052258305,5.7929741588883505,253722634,1301000000
2023-07-25,5.854591179219544,5.865185049249151,5.9653711486201555,5.765558008110289,480145641,576200000
2023-07-26,5.8604362243682635,5.863958975379413,5.93121700782859,5.7728923333191275,367236631,1086800000
2023-07-27,5.87308709126507,5.8649982881905105,5.933271201855381,5.779046677572829,187154944,969200000
2023-07-28,5.894543628723831,5.86570616944182,5.894543628723831,5.842023226244815,392521314,619300000
2023-07-29,5.8560512391004105,5.867602656746886,5.89611576693756,5.7950997870978735,238944457,510000000
2023-07-30,5.856691196122351,5.868687134196423,5.943262960712608,5.856691196122351,275484605,675900000
2023-07-31,5.847846554331518,5.869768801835305,5.950526832611887,5.847846554331518,178166996,1582700000
2023-08-01,5.846997183223786,5.869147360362732,5.9097770635352775,5.832416901704742,425543915,1389800000
2023-08-02,5.8451634169108395,5.869158380351081,5.909018228135659,5.799314461078406,151169568,1211200000
2023-08-03,5.868978217937794,5.869051971933309,5.870795361377731,5.8512934597262145,109850001,812200000
2023-08-04,5.842183897690933,5.871236658913918,5.932351975992911,5.842183897690933,346120349,781600000
2023-08-05,5.878480283406875,5.872114907567275,5.9245320459429776,5.85546620655472,340693080,887600000
2023-08-06,5.906135310860658,5.8724916364615645,5.906135310860658,5.861095669618738,487496309,1123800000
2023-08-07,5.874061048071898,5.873602683093424,5.886689577627132,5.837006393174023,456488672,1221300000
2023-08-08,5.916145275253203,5.875057883676504,5.916145275253203,5.82065355079691,480746329,1537400000
2023-08-09,5.874606472230762,5.875331609343178,5.889798826720525,5.78240734997628,109657838,1825300000
2023-08-10,5.869014958611383,5.875399981176558,5.927015385190635,5.869014958611383,151338985,1191600000
2023-08-11,5.864847523539387,5.875765537780125,5.898147194235153,5.864847523539387,280855731,1001800000
2023-08-12,5.862471466334532,5.877303397387684,5.885611028097875,5.768962357313797,224791241,1908900000
2023-08-13,5.8342644590135695,5.879659095927529,5.912909127592322,5.795651409610085,435422751,1085900000
2023-08-14,5.89553326594161,5.88007153401771,5.976316083688653,5.800837990331439,215405365,1127500000
2023-08-15,5.903957552061608,5.880740677020236,5.903957552061608,5.853955117758132,402673131,1663400000
2023-08-16,5.895300288052546,5.881806328304331,5.952359966003077,5.815125756230713,477741306,1531600000
2023-08-17,5.866088841375151,5.881827903182166,5.944087807420505,5.797835040152847,414479245,660500000
2023-08-18,5.844849718914689,5.881274226130708,5.919943587834112,5.844849718914689,315428201,1544100000
2023-08-19,5.868551151339363,5.87889920695083,5.897348079624188,5.826343149989601,329192092,1673300000
2023-08-20,5.8612412627403865,5.878949461967081,5.920110830497067,5.8525496750949175,444127020,1790300000
2023-08-21,5.907943582819834,5.878617109102365,5.907943582819834,5.865458207945664,320267482,1030100000
2023-08-22,5.874230418857718,5.879861514927526,6.013582752464269,5.874230418857718,401395068,1925500000
2023-08-23,5.925996164364372,5.879688707490561,5.969927806315634,5.80676526212853,336008569,1496500000
2023-08-24,5.881011946640037,5.878199200536127,5.935398843944446,5.870974424687702,109451591,1550800000
2023-08-25,5.869645898639507,5.8779510691017665,5.958024155602366,5.869645898639507,253074289,743600000
2023-08-26,5.9354065924527015,5.877260986386415,5.9354065924527015,5.814268387762498,442562242,1903200000
2023-08-27,5.8365075927049705,5.878712185890223,5.955917144362797,5.823250594514055,144047002,1721600000
2023-08-28,5.861585144770495,5.878343847281779,5.913879781727682,5.830788095370376,366242620,1549500000
2023-08-29,5.826988453135748,5.879035052570142,5.930120381515055,5.812773862191225,394019723,851600000
2023-08-30,5.867305255104161,5.881770418191019,5.905984459580758,5.739461836414043,266860157,901200000
2023-08-31,5.9225878134151015,5.881165133821177,5.932871924084062,5.846327442623269,352583479,1317700000
2023-09-01,5.844151998598757,5.882096590843426,5.905629766488081,5.787423485003677,275327587,891500000
2023-09-02,5.891504453633229,5.883515544235834,5.89993752759708,5.774569467908596,322897575,1711900000
2023-09-03,5.924920568070568,5.885250721816994,5.951041941932997,5.78718475902332,479870535,1030700000
2023-09-04,5.934822708955276,5.886144759822926,5.934822708955276,5.877216380955331,361244932,963300000
2023-09-05,5.914099667824651,5.885584467717003,5.930868509426489,5.883996487046282,380219232,1955100000
2023-09-06,5.891151445180165,5.885402184203882,5.981580575151009,5.864821941236299,421697514,877000000
2023-09-07,5.901397860954424,5.885373019652144,5.906392132838893,5.71215110484448,352178582,1743900000
2023-09-08,5.870417461388638,5.883571205744389,5.950027980257904,5.868984572062356,279570921,923100000
2023-09-09,5.865308439022986,5.883324325123279,5.937232933920117,5.816372113545057,459774634,1213900000
2023-09-10,5.85265892074855,5.884073741216651,5.95146769740642,5.801623833026757,198206122,752500000
2023-09-11,5.89148969650502,5.885862154405596,5.89148969650502,5.874135128871753,196814077,975400000
2023-09-12,5.887505769273655,5.886525393559603,5.892530128186887,5.864762166207601,457025076,1901500000
2023-09-13,5.863291504510207,5.888436304397587,5.919079818751193,5.783117038414312,395692506,1663300000
2023-09-14,5.904408492435796,5.889386950554436,5.904408492435796,5.783616865652737,244262449,1232700000
2023-09-15,5.917525223118418,5.888207628162032,5.928000105729913,5.867744723415115,183519730,1872300000
2023-09-16,5.9435796472842615,5.889492314301104,5.9435796472842615,5.875312015482023,475975478,682400000
2023-09-17,5.896779853623247,5.89106687968501,5.990716496903824,5.877654464780235,332345302,1851300000
2023-09-18,5.847257402358935,5.891499462654086,5.970656889491277,5.830943783989779,373287935,616300000
2023-09-19,5.884841600255221,5.892113909931499,5.9231981502476545,5.822398659136872,386814087,887000000
2023-09-20,5.8712182799497725,5.893719151306187,5.91261047207949,5.813251024017575,207568082,1406400000
2023-09-21,5.861391102972761,5.895489951458123,6.043777770879599,5.861391102972761,216887963,1720500000
2023-09-22,5.926918928550301,5.895992345635802,5.926918928550301,5.876847756939283,435556933,1703600000
2023-09-23,5.900128508853912,5.895686161485548,5.945939429308412,5.865614653741554,139496206,1520000000
2023-09-24,5.916874725494498,5.895671337778808,5.922807583737584,5.847197493217927,403069061,999400000
2023-09-25,5.889185275238869,5.895969935544305,5.952988697826982,5.8101954262373665,489621185,1284300000
2023-09-26,5.8951683585993475,5.898052493650422,5.952758727550862,5.863765081843459,477373304,501800000
2023-09-27,5.871317685570022,5.898553019573414,5.911811608307995,5.849390964065008,429739317,1707000000
2023-09-28,5.894298359058754,5.899370569953208,5.931685656109947,5.812817067093023,454396040,761400000
2023-09-29,5.922894225155302,5.897705101307844,5.945018683025951,5.828012515994154,207191513,702000000
2023-09-30,5.924053204758255,5.898672148815999,6.002008868874213,5.8768181215771245,171668477,1653200000
2023-10-01,5.896589594437376,5.898725947688479,5.9726636622963785,5.896589594437376,324591684,659200000
2023-10-02,5.839416140550618,5.89894556939201,5.960885997362793,5.839416140550618,190958935,1538300000
2023-10-03,5.9027722380362775,5.898762081126052,5.943308852584516,5.833153875779707,362461540,1516300000
2023-10-04,5.873717841748031,5.90080298513626,5.956471750526303,5.872382575120204,224105947,1606900000
2023-10-05,5.9483677065915455,5.902382280063529,6.065102697855275,5.885602296360608,339827081,1727600000
2023-10-06,5.9403404031612945,5.902354036794746,6.023849702489539,5.889121555176593,154433237,1478300000
2023-10-07,5.911316596227511,5.903230223014322,5.955138133986861,5.852287317040732,423722405,1096000000
2023-10-08,5.9264121012228514,5.9032500263594745,5.939157053581635,5.842641631652268,317499875,1105300000
2023-10-09,5.932454155823518,5.90303414298546,6.017943276754031,5.885014267092673,418273893,1149200000
2023-10-10,5.922814089855013,5.902988831525437,5.922814089855013,5.897044092427488,224713218,1119300000
2023-10-11,5.9044884781451445,5.902949854139359,5.930853604525247,5.88822007108696,205107551,1057000000
2023-10-12,5.911507777811375,5.90249324105063,5.957600706304801,5.866359135064431,334026064,1413600000
2023-10-13,5.913846677201657,5.902537844554887,6.013957767343113,5.9015704868052214,323740656,1368800000
2023-10-14,5.889600291601285,5.904586113057854,5.914092285625522,5.888977504540523,164778009,1750900000
2023-10-15,5.86814194844296,5.904832112636563,5.9365698699859974,5.86814194844296,404043625,519400000
2023-10-16,5.853033240259012,5.906417454769563,5.931785724255108,5.810578869985727,369576041,1516600000
2023-10-17,5.850593525916533,5.907602823107773,5.985517866608097,5.83508470204385,297629488,1363000000
2023-10-18,5.889822675885826,5.90924084715512,5.9111512837984685,5.8750520035965765,239120609,1160200000
2023-10-19,5.891188514999269,5.908147173558027,5.979937727085826,5.808398669645664,438852751,1760700000
2023-10-20,5.93073633939732,5.909304293001012,5.942391322532445,5.883109969470025,306955625,1819500000
2023-10-21,5.866305473272467,5.910479530841792,5.972208002768325,5.80817902384319,179138176,1408100000
2023-10-22,5.90497609432417,5.9106152022253,5.987684063857525,5.870158791558354,379660862,1848200000
2023-10-23,5.886836727761942,5.910803486226544,5.933184174737158,5.844243795460269,342829157,974900000
2023-10-24,5.9164473302722325,5.911709710584399,5.950538509888207,5.841783176752052,222978297,1325800000
2023-10-25,5.91198866846667,5.912246468407454,5.923482529444852,5.883011813034245,453978024,889600000
2023-10-26,5.950945840007277,5.9122746239677415,5.97425202782948,5.901488761497166,428443939,1817400000
2023-10-27,5.8840673197729245,5.91262735401666,6.016847992480768,5.8840673197729245,214747513,614800000
2023-10-28,5.908331457197305,5.914454185194058,6.031114666077407,5.860983989639455,137942069,1047800000
2023-10-29,5.906628137714745,5.914285729096006,5.919590331779507,5.821036873035549,164825927,1922300000
2023-10-30,5.931843580149545,5.915856277861831,5.979930670379225,5.818499938228705,496593634,552800000
2023-10-31,5.917143736930049,5.91601331379218,5.9214014800332135,5.83383811534808,358262592,770300000
2023-11-01,5.887623489062184,5.918044361286238,6.001605896990247,5.887623489062184,167411133,646000000
2023-11-02,5.885046144265934,5.916591373291464,5.93880226192528,5.885046144265934,377380211,677600000
2023-11-03,5.9069102116829795,5.917706773385058,5.994602704755719,5.863438776890012,226028042,1964100000
2023-11-04,5.96191807202738,5.918258812966984,5.96191807202738,5.84727839113886,304516969,942400000
2023-11-05,5.94350912903868,5.9200124951593835,5.9696003173874,5.911240636953426,386080996,894700000
2023-11-06,5.9412449365471955,5.920845600652887,5.9412449365471955,5.881824434087108,275282064,1578700000
2023-11-07,5.932902339173099,5.919054261902048,5.9570142674297974,5.915086766372927,130490896,976000000
2023-11-08,5.915606362972119,5.918237688188103,6.001498983270554,5.897154814337116,429728992,608300000
2023-11-09,5.916733059329586,5.918638652407296,5.923283415844558,5.802664554042043,442208103,518800000
2023-11-10,5.914248135027856,5.919797112821164,6.002337213094489,5.894416318261696,276358807,822100000
2023-11-11,5.976038346953847,5.920987873675047,5.976038346953847,5.9170995902698005,224627360,590300000
2023-11-12,5.925727647470502,5.922998401254953,5.925727647470502,5.833940399151001,465585719,526800000
2023-11-13,5.919805394023462,5.92418544743996,5.959407410561901,5.919805394023462,378030475,547800000
2023-11-14,5.977413296874792,5.923582522556791,6.045537621047154,5.890293394981573,162158990,639900000
2023-11-15,5.974433322809154,5.924422925739289,6.012479579887016,5.91054470072634,448907122,864700000
2023-11-16,5.959816786662935,5.9268625292880275,6.048459524997069,5.8478603852052675,216530899,1659100000
2023-11-17,5.915692901420036,5.929100765761714,5.981074162771323,5.900050182103138,361931426,1631700000
2023-11-18,5.913523765954525,5.9291082480752255,5.995931880228345,5.913523765954525,315568685,922800000
2023-11-19,5.9152231109434625,5.9297826463224705,6.002236388308442,5.898389086633292,246569512,1610000000
2023-11-20,5.91234788724395,5.929661126792909,6.076326274721163,5.871771267664148,388276590,1913700000
2023-11-21,5.876277923424982,5.93086698412986,5.936610067239109,5.876277923424982,110240980,1011000000
2023-11-22,5.907507305804073,5.931685672027238,5.933451313151922,5.907507305804073,215336207,1252600000
2023-11-23,5.900800173697911,5.930079536908867,5.938687629177585,5.890411962335737,490761547,644000000
2023-11-24,5.939074965422948,5.929545054122053,5.939074965422948,5.91417126804949,465444901,1877800000
2023-11-25,5.968059784395596,5.932190630502426,5.968059784395596,5.91070222223767,438412946,1731800000
2023-11-26,5.9045258038336295,5.933890233869418,5.979846834236883,5.9045258038336295,170157476,1065800000
2023-11-27,5.900137635277699,5.934423975839615,5.959915654923965,5.900137635277699,191494871,1309000000
2023-11-28,5.94371270857243,5.936814116658214,5.94371270857243,5.900674905106235,385464001,1018000000
2023-11-29,5.94837479417074,5.937783818256465,5.974400293723576,5.9003499841434754,121745668,707100000
2023-11-30,5.965118617895956,5.938874861107775,5.973475422231574,5.905044403656256,395317363,1172200000
2023-12-01,5.927331926212771,5.941296074375017,5.961625523928583,5.892516118377662,240698646,1965100000
2023-12-02,5.986257544014026,5.941590743378489,5.987410635624379,5.787051028595849,402558721,1328500000
2023-12-03,5.923123173624502,5.941726203240684,5.960290993946072,5.91194043593604,386185385,1431300000
2023-12-04,5.928758790049371,5.942674755797159,5.984658749657822,5.911682711969922,118188804,1783200000
2023-12-05,5.908528063676644,5.942661414123493,5.97718096252516,5.908528063676644,218786245,1245900000
2023-12-06,5.925074316143224,5.943090324310768,5.989256344056346,5.864701053603498,146642537,696300000
2023-12-07,5.944828674113416,5.9424821296260495,6.046093517597391,5.91992613961395,454995527,1086300000
2023-12-08,5.912906254212967,5.9432942163801625,6.001472323802076,5.856703655802126,400963164,1767000000
2023-12-09,5.951703178802324,5.944570592228012,5.977055812634245,5.928068501487685,242518572,1493200000
2023-12-10,5.96438744913322,5.943270134723367,6.051256611891873,5.902531880493168,129563818,1154600000
2023-12-11,5.975892307649486,5.943547646636572,6.006849065392469,5.921297156542555,107462194,1380900000
2023-12-12,5.911069288691566,5.944342918267829,5.985629937745467,5.888134280936759,421198881,510000000
2023-12-13,5.948979393916041,5.945079910169644,5.987770313482813,5.894024442735954,261341612,1241100000
2023-12-14,5.9673112938941175,5.943723881344804,5.980190124479798,5.936483135764158,153217904,1106500000
2023-12-15,5.909865849855013,5.945877646708694,5.964820660020817,5.883712411680219,482267972,1822200000
2023-12-16,5.99105612810934,5.947934036806453,5.99105612810934,5.874773843981912,269654446,1980400000
2023-12-17,5.975023767873744,5.947323624588393,5.975023767873744,5.9315293530508795,471412718,1430900000
2023-12-18,5.946705014668637,5.948519770858612,5.970480463290844,5.922447469993016,471055328,783900000
2023-12-19,5.940016970660049,5.950235827297262,5.986622214646069,5.885499636851281,195438929,1638200000
2023-12-20,5.921987705812972,5.950726509022788,6.002945798532343,5.861758504612098,470200990,1099600000
2023-12-21,5.967930414460554,5.951572214796018,5.9716506278692165,5.919681028242925,294902678,1651100000
2023-12-22,5.98141799486915,5.951077188769259,5.98141799486915,5.842063170769765,387185137,1032100000
2023-12-23,5.944453993328397,5.9524014694918925,5.952777634125564,5.894206544945989,421824498,768500000
2023-12-24,5.93541484721146,5.952414445838185,6.072987827929362,5.93541484721146,177668930,605100000
2023-12-25,5.963938592608168,5.952490810326985,5.970366637931289,5.948074719489133,205560854,1896500000
2023-12-26,5.96326344370587,5.953111363316187,5.9647161871242,5.9453479554451345,328135302,1721100000
2023-12-27,5.9835361913124725,5.9536250721538835,5.9835361913124725,5.901226230720749,253959198,999800000
2023-12-28,5.959031524820339,5.95328470299619,6.014902231245229,5.929058912684076,177769992,1153700000
2023-12-29,5.920407346732383,5.953962161886934,5.958140163729528,5.920407346732383,100786486,852900000
2023-12-30,5.963783402427053,5.954624468343078,6.00120926955974,5.895899302617763,249246571,576400000
2023-12-31,5.955906890921224,5.955925533073872,5.990001248971624,5.913361453401169,494031586,985100000
2024-01-01,5.9555465955047895,5.955017013542724,6.061636616866966,5.949820287492756,342463749,1084300000
